"card_id","disp_id","card_type","card_issued","client_id","account_id","disp_type","birth_number","district_id","district_name","district_region","district_inhabitants","district_small","district_medium","district_big","district_enorm","district_cities","district_ratio","district_avg_salarie","district_un95","district_un96","district_enterp","district_cc95","district_cc96","account_frequency","account_date","loan_id","loan_date","loan_amount","loan_duration","loan_payments","loan_status","order_id","order_bank_to","order_account_to","order_amount","order_k_symbol"
1005,9285,"classic","931107 00:00:00",9593,7753,"OWNER",685128,74,"Ostrava - mesto","north Moravia",323870,0,0,0,1,1,100.0,10673,4.75,5.44,100,18782,18347,"POPLATEK MESICNE",930208,6577,940311,51696,24,2154.0,"A",40883,"GH",62899923,2153.8,"UVER"
418,2623,"classic","950414 00:00:00",2623,2167,"OWNER",655716,16,"Jindrichuv Hradec","south Bohemia",93931,74,21,10,1,8,56.9,8427,1.12,1.54,107,1874,1913,"POPLATEK MESICNE",930808,5390,941030,170256,24,7094.0,"A",32580,"IJ",18770349,5922.0,"SIPO"
418,2623,"classic","950414 00:00:00",2623,2167,"OWNER",655716,16,"Jindrichuv Hradec","south Bohemia",93931,74,21,10,1,8,56.9,8427,1.12,1.54,107,1874,1913,"POPLATEK MESICNE",930808,5390,941030,170256,24,7094.0,"A",32581,"QR",38404792,7094.0,"UVER"
159,946,"classic","950501 00:00:00",946,790,"OWNER",510806,54,"Brno - mesto","south Moravia",387570,0,0,0,1,1,100.0,9897,1.6,1.96,140,18721,18696,"POPLATEK MESICNE",930511,5126,940724,208128,48,4336.0,"B",30555,"MN",86892044,4335.8,"UVER"
1040,9890,"junior","950528 00:00:00",10198,8260,"OWNER",760524,31,"Tachov","west Bohemia",51313,34,12,3,1,4,59.2,8930,3.52,4.2,108,1328,1452,"POPLATEK MESICNE",930324,6686,940825,224604,36,6239.0,"A",41652,"QR",25747537,6239.2,"UVER"
1247,13660,"classic","950613 00:00:00",13968,11359,"OWNER",680413,61,"Trebic","south Moravia",117897,139,28,5,1,6,53.8,8814,4.76,5.74,107,2112,2059,"POPLATEK MESICNE",941001,7305,960806,54024,12,4502.0,"A",46328,"EF",37834555,4502.3,"UVER"
1247,13660,"classic","950613 00:00:00",13968,11359,"OWNER",680413,61,"Trebic","south Moravia",117897,139,28,5,1,6,53.8,8814,4.76,5.74,107,2112,2059,"POPLATEK MESICNE",941001,7305,960806,54024,12,4502.0,"A",46329,"OP",33080721,4518.0,"SIPO"
1247,13660,"classic","950613 00:00:00",13968,11359,"OWNER",680413,61,"Trebic","south Moravia",117897,139,28,5,1,6,53.8,8814,4.76,5.74,107,2112,2059,"POPLATEK MESICNE",941001,7305,960806,54024,12,4502.0,"A",46330,"AB",90330576,254.0," "
783,5433,"junior","951024 00:00:00",5433,4503,"OWNER",750924,50,"Svitavy","east Bohemia",102609,75,33,2,3,6,52.0,8187,4.83,5.45,94,2123,2134,"POPLATEK MESICNE",950103,5900,960101,135360,48,2820.0,"C",36008,"YZ",21099597,2819.8,"UVER"
1225,13268,"classic","951122 00:00:00",13576,11042,"OWNER",740707,72,"Olomouc","north Moravia",226122,32,50,7,4,4,62.6,8994,3.8,4.79,110,9672,9208,"POPLATEK MESICNE",950129,7243,951204,217152,36,6032.0,"A",45826,"EF",86233681,6031.8,"UVER"
1225,13268,"classic","951122 00:00:00",13576,11042,"OWNER",740707,72,"Olomouc","north Moravia",226122,32,50,7,4,4,62.6,8994,3.8,4.79,110,9672,9208,"POPLATEK MESICNE",950129,7243,951204,217152,36,6032.0,"A",45827,"UV",59894961,8436.0,"SIPO"
337,2141,"classic","960101 00:00:00",2141,1766,"OWNER",510906,28,"Plzen - sever","west Bohemia",72541,66,26,10,0,8,36.9,8594,1.62,2.01,112,1580,1525,"POPLATEK MESICNE",940903,5311,960615,30060,60,501.0,"C",31982,"KL",85209738,4353.0,"SIPO"
337,2141,"classic","960101 00:00:00",2141,1766,"OWNER",510906,28,"Plzen - sever","west Bohemia",72541,66,26,10,0,8,36.9,8594,1.62,2.01,112,1580,1525,"POPLATEK MESICNE",940903,5311,960615,30060,60,501.0,"C",31983,"EF",6482232,43.0," "
337,2141,"classic","960101 00:00:00",2141,1766,"OWNER",510906,28,"Plzen - sever","west Bohemia",72541,66,26,10,0,8,36.9,8594,1.62,2.01,112,1580,1525,"POPLATEK MESICNE",940903,5311,960615,30060,60,501.0,"C",31984,"YZ",88636147,49.0,"POJISTNE"
337,2141,"classic","960101 00:00:00",2141,1766,"OWNER",510906,28,"Plzen - sever","west Bohemia",72541,66,26,10,0,8,36.9,8594,1.62,2.01,112,1580,1525,"POPLATEK MESICNE",940903,5311,960615,30060,60,501.0,"C",31985,"OP",41643542,2390.0," "
337,2141,"classic","960101 00:00:00",2141,1766,"OWNER",510906,28,"Plzen - sever","west Bohemia",72541,66,26,10,0,8,36.9,8594,1.62,2.01,112,1580,1525,"POPLATEK MESICNE",940903,5311,960615,30060,60,501.0,"C",31986,"CD",41536575,501.0,"UVER"
814,5911,"classic","960215 00:00:00",5911,4894,"OWNER",351003,14,"Ceske Budejovice","south Bohemia",177686,69,27,10,1,9,74.8,10045,1.42,1.71,135,6604,6295,"POPLATEK MESICNE",930620,5997,931104,117024,24,4876.0,"A",36599,"ST",81512897,4875.8,"UVER"
1064,10328,"classic","960217 00:00:00",10636,8625,"OWNER",710803,64,"Zlin","south Moravia",197099,29,41,10,2,10,74.7,9624,1.6,2.31,145,4484,4265,"POPLATEK MESICNE",931110,6745,950410,47304,24,1971.0,"A",42200,"UV",74800854,1970.8,"UVER"
1064,10328,"classic","960217 00:00:00",10636,8625,"OWNER",710803,64,"Zlin","south Moravia",197099,29,41,10,2,10,74.7,9624,1.6,2.31,145,4484,4265,"POPLATEK MESICNE",931110,6745,950410,47304,24,1971.0,"A",42201,"YZ",85545950,8151.0,"SIPO"
989,9119,"classic","960221 00:00:00",9427,7614,"OWNER",706109,62,"Uherske Hradiste","south Moravia",145688,22,41,13,2,5,40.7,8544,1.29,1.86,109,2719,2906,"POPLATEK MESICNE",950208,6550,960518,320592,48,6679.0,"C",40671,"WX",54133033,6678.7,"UVER"
1134,11742,"classic","960531 00:00:00",12050,9790,"OWNER",430530,52,"Usti nad Orlici","east Bohemia",139012,59,41,8,3,10,61.9,8363,2.52,3.49,108,2564,2799,"POPLATEK MESICNE",951109,6992,960727,133968,48,2791.0,"C",43912,"UV",22918135,2791.0,"UVER"
1134,11742,"classic","960531 00:00:00",12050,9790,"OWNER",430530,52,"Usti nad Orlici","east Bohemia",139012,59,41,8,3,10,61.9,8363,2.52,3.49,108,2564,2799,"POPLATEK MESICNE",951109,6992,960727,133968,48,2791.0,"C",43913,"EF",28873682,9210.0,"SIPO"
1134,11742,"classic","960531 00:00:00",12050,9790,"OWNER",430530,52,"Usti nad Orlici","east Bohemia",139012,59,41,8,3,10,61.9,8363,2.52,3.49,108,2564,2799,"POPLATEK MESICNE",951109,6992,960727,133968,48,2791.0,"C",43914,"AB",42063897,993.0," "
1134,11742,"classic","960531 00:00:00",12050,9790,"OWNER",430530,52,"Usti nad Orlici","east Bohemia",139012,59,41,8,3,10,61.9,8363,2.52,3.49,108,2564,2799,"POPLATEK MESICNE",951109,6992,960727,133968,48,2791.0,"C",43915,"QR",93822401,2488.0,"POJISTNE"
1176,12502,"gold","960703 00:00:00",12810,10411,"OWNER",641014,39,"Most","north Bohemia",119895,17,4,3,2,4,89.9,10446,7.34,9.4,90,4947,4743,"POPLATEK PO OBRATU",951123,7130,961211,123408,24,5142.0,"A",44850,"GH",82482695,5142.0,"UVER"
1176,12502,"gold","960703 00:00:00",12810,10411,"OWNER",641014,39,"Most","north Bohemia",119895,17,4,3,2,4,89.9,10446,7.34,9.4,90,4947,4743,"POPLATEK PO OBRATU",951123,7130,961211,123408,24,5142.0,"A",44851,"ST",41324371,3020.0,"SIPO"
1176,12502,"gold","960703 00:00:00",12810,10411,"OWNER",641014,39,"Most","north Bohemia",119895,17,4,3,2,4,89.9,10446,7.34,9.4,90,4947,4743,"POPLATEK PO OBRATU",951123,7130,961211,123408,24,5142.0,"A",44852,"GH",93566715,1807.0," "
1176,12502,"gold","960703 00:00:00",12810,10411,"OWNER",641014,39,"Most","north Bohemia",119895,17,4,3,2,4,89.9,10446,7.34,9.4,90,4947,4743,"POPLATEK PO OBRATU",951123,7130,961211,123408,24,5142.0,"A",44853,"CD",33192354,2323.0,"POJISTNE"
1176,12502,"gold","960703 00:00:00",12810,10411,"OWNER",641014,39,"Most","north Bohemia",119895,17,4,3,2,4,89.9,10446,7.34,9.4,90,4947,4743,"POPLATEK PO OBRATU",951123,7130,961211,123408,24,5142.0,"A",44854,"ST",47737151,7732.0," "
1233,13382,"classic","960706 00:00:00",13690,11138,"OWNER",630516,70,"Karvina","north Moravia",285387,0,2,8,5,7,89.9,10177,6.63,7.75,81,9878,10108,"POPLATEK TYDNE",950818,7263,960119,89880,24,3745.0,"A",45974,"YZ",73215025,3744.7,"UVER"
1187,12635,"gold","960717 00:00:00",12943,10520,"OWNER",701012,55,"Brno - venkov","south Moravia",157042,49,70,18,0,9,33.9,8743,1.88,2.43,111,3659,3894,"POPLATEK PO OBRATU",951024,7154,961205,417600,60,6960.0,"C",45022,"MN",4994863,6959.8,"UVER"
1055,10171,"classic","960724 00:00:00",10479,8492,"OWNER",556020,2,"Benesov","central Bohemia",88884,80,26,6,2,5,46.7,8507,1.67,1.85,132,2159,2674,"POPLATEK MESICNE",940629,6726,950903,85860,60,1431.0,"C",42008,"ST",72004610,4403.0,"SIPO"
1055,10171,"classic","960724 00:00:00",10479,8492,"OWNER",556020,2,"Benesov","central Bohemia",88884,80,26,6,2,5,46.7,8507,1.67,1.85,132,2159,2674,"POPLATEK MESICNE",940629,6726,950903,85860,60,1431.0,"C",42009,"EF",88451617,1431.0,"UVER"
587,3763,"junior","960805 00:00:00",3763,3112,"OWNER",775812,38,"Louny","north Bohemia",85852,41,23,4,2,4,59.8,8965,7.08,8.23,104,2653,2822,"POPLATEK MESICNE",940812,5610,960224,123216,48,2567.0,"C",34015,"IJ",66820907,2567.3,"UVER"
587,3763,"junior","960805 00:00:00",3763,3112,"OWNER",775812,38,"Louny","north Bohemia",85852,41,23,4,2,4,59.8,8965,7.08,8.23,104,2653,2822,"POPLATEK MESICNE",940812,5610,960224,123216,48,2567.0,"C",34016,"OP",66618603,1468.0,"SIPO"
587,3763,"junior","960805 00:00:00",3763,3112,"OWNER",775812,38,"Louny","north Bohemia",85852,41,23,4,2,4,59.8,8965,7.08,8.23,104,2653,2822,"POPLATEK MESICNE",940812,5610,960224,123216,48,2567.0,"C",34017,"KL",83437150,1584.0," "
119,655,"classic","960808 00:00:00",655,544,"OWNER",421210,32,"Ceska Lipa","north Bohemia",105058,32,19,7,2,10,81.0,9272,2.8,3.22,118,4340,4505,"POPLATEK MESICNE",950515,5088,960822,91152,24,3798.0,"A",30217,"EF",24082440,3798.2,"UVER"
1043,9974,"junior","960814 00:00:00",10282,8327,"OWNER",790619,1,"Hl.m. Praha","Prague",1204953,0,0,0,1,1,100.0,12541,0.29,0.43,167,85677,99107,"POPLATEK TYDNE",950808,6698,960310,247728,48,5161.0,"C",41754,"IJ",33872771,5161.2,"UVER"
1043,9974,"junior","960814 00:00:00",10282,8327,"OWNER",790619,1,"Hl.m. Praha","Prague",1204953,0,0,0,1,1,100.0,12541,0.29,0.43,167,85677,99107,"POPLATEK TYDNE",950808,6698,960310,247728,48,5161.0,"C",41755,"UV",66402190,4104.0,"SIPO"
1043,9974,"junior","960814 00:00:00",10282,8327,"OWNER",790619,1,"Hl.m. Praha","Prague",1204953,0,0,0,1,1,100.0,12541,0.29,0.43,167,85677,99107,"POPLATEK TYDNE",950808,6698,960310,247728,48,5161.0,"C",41756,"QR",54091328,2539.0," "
890,7422,"classic","960908 00:00:00",7422,6148,"OWNER",581126,74,"Ostrava - mesto","north Moravia",323870,0,0,0,1,1,100.0,10673,4.75,5.44,100,18782,18347,"POPLATEK MESICNE",931227,6253,941104,59760,24,2490.0,"A",38519,"YZ",26888096,7847.0,"SIPO"
890,7422,"classic","960908 00:00:00",7422,6148,"OWNER",581126,74,"Ostrava - mesto","north Moravia",323870,0,0,0,1,1,100.0,10673,4.75,5.44,100,18782,18347,"POPLATEK MESICNE",931227,6253,941104,59760,24,2490.0,"A",38520,"QR",40286940,2490.0,"UVER"
882,7195,"classic","960911 00:00:00",7195,5952,"OWNER",620911,50,"Svitavy","east Bohemia",102609,75,33,2,3,6,52.0,8187,4.83,5.45,94,2123,2134,"POPLATEK MESICNE",930907,6216,940930,141240,24,5885.0,"A",38198,"EF",22068012,5885.3,"UVER"
882,7195,"classic","960911 00:00:00",7195,5952,"OWNER",620911,50,"Svitavy","east Bohemia",102609,75,33,2,3,6,52.0,8187,4.83,5.45,94,2123,2134,"POPLATEK MESICNE",930907,6216,940930,141240,24,5885.0,"A",38199,"GH",68812089,3028.0,"SIPO"
882,7195,"classic","960911 00:00:00",7195,5952,"OWNER",620911,50,"Svitavy","east Bohemia",102609,75,33,2,3,6,52.0,8187,4.83,5.45,94,2123,2134,"POPLATEK MESICNE",930907,6216,940930,141240,24,5885.0,"A",38200,"MN",40625691,1374.0," "
882,7195,"classic","960911 00:00:00",7195,5952,"OWNER",620911,50,"Svitavy","east Bohemia",102609,75,33,2,3,6,52.0,8187,4.83,5.45,94,2123,2134,"POPLATEK MESICNE",930907,6216,940930,141240,24,5885.0,"A",38201,"YZ",2707452,3684.0,"POJISTNE"
882,7195,"classic","960911 00:00:00",7195,5952,"OWNER",620911,50,"Svitavy","east Bohemia",102609,75,33,2,3,6,52.0,8187,4.83,5.45,94,2123,2134,"POPLATEK MESICNE",930907,6216,940930,141240,24,5885.0,"A",38202,"WX",37493223,1594.0," "
854,6753,"classic","961007 00:00:00",6753,5593,"OWNER",620523,15,"Cesky Krumlov","south Bohemia",58796,22,16,7,1,5,51.9,9045,3.13,3.6,124,1845,1879,"POPLATEK MESICNE",960227,6144,960809,44376,12,3698.0,"A",37706,"GH",67515390,3697.8,"UVER"
854,6753,"classic","961007 00:00:00",6753,5593,"OWNER",620523,15,"Cesky Krumlov","south Bohemia",58796,22,16,7,1,5,51.9,9045,3.13,3.6,124,1845,1879,"POPLATEK MESICNE",960227,6144,960809,44376,12,3698.0,"A",37707,"EF",48020237,6049.0,"SIPO"
1010,9413,"classic","961027 00:00:00",9721,7861,"OWNER",541205,34,"Chomutov","north Bohemia",125236,28,11,1,4,5,87.7,9675,6.43,7.68,100,5323,5190,"POPLATEK MESICNE",950422,6600,951008,21852,36,607.0,"A",41066,"GH",21743178,8400.0,"SIPO"
1010,9413,"classic","961027 00:00:00",9721,7861,"OWNER",541205,34,"Chomutov","north Bohemia",125236,28,11,1,4,5,87.7,9675,6.43,7.68,100,5323,5190,"POPLATEK MESICNE",950422,6600,951008,21852,36,607.0,"A",41067,"OP",58806037,400.0," "
1010,9413,"classic","961027 00:00:00",9721,7861,"OWNER",541205,34,"Chomutov","north Bohemia",125236,28,11,1,4,5,87.7,9675,6.43,7.68,100,5323,5190,"POPLATEK MESICNE",950422,6600,951008,21852,36,607.0,"A",41068,"WX",69198441,26.0,"POJISTNE"
1010,9413,"classic","961027 00:00:00",9721,7861,"OWNER",541205,34,"Chomutov","north Bohemia",125236,28,11,1,4,5,87.7,9675,6.43,7.68,100,5323,5190,"POPLATEK MESICNE",950422,6600,951008,21852,36,607.0,"A",41069,"MN",77948432,131.0," "
1010,9413,"classic","961027 00:00:00",9721,7861,"OWNER",541205,34,"Chomutov","north Bohemia",125236,28,11,1,4,5,87.7,9675,6.43,7.68,100,5323,5190,"POPLATEK MESICNE",950422,6600,951008,21852,36,607.0,"A",41070,"WX",68080514,607.0,"UVER"
813,5873,"junior","961028 00:00:00",5873,4863,"OWNER",795406,5,"Kolin","central Bohemia",95616,65,30,4,1,6,51.4,9307,3.85,4.43,118,2616,3040,"POPLATEK MESICNE",960312,5992,970318,76080,12,6340.0,"A",36547,"MN",69927233,6340.3,"UVER"
813,5873,"junior","961028 00:00:00",5873,4863,"OWNER",795406,5,"Kolin","central Bohemia",95616,65,30,4,1,6,51.4,9307,3.85,4.43,118,2616,3040,"POPLATEK MESICNE",960312,5992,970318,76080,12,6340.0,"A",36548,"OP",70381557,3300.0,"SIPO"
813,5873,"junior","961028 00:00:00",5873,4863,"OWNER",795406,5,"Kolin","central Bohemia",95616,65,30,4,1,6,51.4,9307,3.85,4.43,118,2616,3040,"POPLATEK MESICNE",960312,5992,970318,76080,12,6340.0,"A",36549,"QR",66434705,6036.0," "
1014,9452,"classic","961102 00:00:00",9760,7894,"OWNER",690217,27,"Plzen - jih","west Bohemia",67298,71,19,10,0,7,43.8,8561,0.65,1.29,110,1029,1127,"POPLATEK MESICNE",960409,6607,971021,153144,36,4254.0,"C",41111,"CD",54257065,4253.7,"UVER"
1014,9452,"classic","961102 00:00:00",9760,7894,"OWNER",690217,27,"Plzen - jih","west Bohemia",67298,71,19,10,0,7,43.8,8561,0.65,1.29,110,1029,1127,"POPLATEK MESICNE",960409,6607,971021,153144,36,4254.0,"C",41112,"ST",28510761,4780.0,"SIPO"
1014,9452,"classic","961102 00:00:00",9760,7894,"OWNER",690217,27,"Plzen - jih","west Bohemia",67298,71,19,10,0,7,43.8,8561,0.65,1.29,110,1029,1127,"POPLATEK MESICNE",960409,6607,971021,153144,36,4254.0,"C",41113,"ST",49265408,2705.0," "
408,2560,"classic","961210 00:00:00",2560,2116,"OWNER",745620,70,"Karvina","north Moravia",285387,0,2,8,5,7,89.9,10177,6.63,7.75,81,9878,10108,"POPLATEK MESICNE",960502,5377,970804,92400,12,7700.0,"A",32498,"EF",68418848,7699.8,"UVER"
408,2560,"classic","961210 00:00:00",2560,2116,"OWNER",745620,70,"Karvina","north Moravia",285387,0,2,8,5,7,89.9,10177,6.63,7.75,81,9878,10108,"POPLATEK MESICNE",960502,5377,970804,92400,12,7700.0,"A",32499,"EF",86869412,1307.0,"SIPO"
408,2560,"classic","961210 00:00:00",2560,2116,"OWNER",745620,70,"Karvina","north Moravia",285387,0,2,8,5,7,89.9,10177,6.63,7.75,81,9878,10108,"POPLATEK MESICNE",960502,5377,970804,92400,12,7700.0,"A",32500,"QR",59543710,3407.0," "
1111,11288,"classic","961231 00:00:00",11596,9422,"OWNER",406204,70,"Karvina","north Moravia",285387,0,2,8,5,7,89.9,10177,6.63,7.75,81,9878,10108,"POPLATEK MESICNE",960306,6921,961029,86184,12,7182.0,"A",43357,"QR",97387158,7182.5,"UVER"
1111,11288,"classic","961231 00:00:00",11596,9422,"OWNER",406204,70,"Karvina","north Moravia",285387,0,2,8,5,7,89.9,10177,6.63,7.75,81,9878,10108,"POPLATEK MESICNE",960306,6921,961029,86184,12,7182.0,"A",43358,"ST",30643040,107.0,"SIPO"
1111,11288,"classic","961231 00:00:00",11596,9422,"OWNER",406204,70,"Karvina","north Moravia",285387,0,2,8,5,7,89.9,10177,6.63,7.75,81,9878,10108,"POPLATEK MESICNE",960306,6921,961029,86184,12,7182.0,"A",43359,"YZ",28156739,3136.0," "
1118,11393,"classic","970102 00:00:00",11701,9504,"OWNER",490414,9,"Nymburk","central Bohemia",81344,61,23,4,2,6,55.3,8899,3.39,3.97,149,2987,2487,"POPLATEK MESICNE",960129,6938,970310,341280,60,5688.0,"C",43489,"KL",22714406,5688.0,"UVER"
565,3601,"gold","970106 00:00:00",3601,2982,"OWNER",380803,19,"Prachatice","south Bohemia",51428,50,11,3,1,4,52.7,8402,3.13,3.98,120,999,1099,"POPLATEK MESICNE",960604,5582,980417,41256,12,3438.0,"C",33814,"AB",34302795,3438.0,"UVER"
565,3601,"gold","970106 00:00:00",3601,2982,"OWNER",380803,19,"Prachatice","south Bohemia",51428,50,11,3,1,4,52.7,8402,3.13,3.98,120,999,1099,"POPLATEK MESICNE",960604,5582,980417,41256,12,3438.0,"C",33815,"KL",40149122,8143.0,"SIPO"
565,3601,"gold","970106 00:00:00",3601,2982,"OWNER",380803,19,"Prachatice","south Bohemia",51428,50,11,3,1,4,52.7,8402,3.13,3.98,120,999,1099,"POPLATEK MESICNE",960604,5582,980417,41256,12,3438.0,"C",33816,"EF",48207306,164.0," "
565,3601,"gold","970106 00:00:00",3601,2982,"OWNER",380803,19,"Prachatice","south Bohemia",51428,50,11,3,1,4,52.7,8402,3.13,3.98,120,999,1099,"POPLATEK MESICNE",960604,5582,980417,41256,12,3438.0,"C",33817,"OP",37620991,226.0,"POJISTNE"
565,3601,"gold","970106 00:00:00",3601,2982,"OWNER",380803,19,"Prachatice","south Bohemia",51428,50,11,3,1,4,52.7,8402,3.13,3.98,120,999,1099,"POPLATEK MESICNE",960604,5582,980417,41256,12,3438.0,"C",33818,"ST",51036828,23.0," "
1036,9735,"classic","970117 00:00:00",10043,8129,"OWNER",651029,45,"Jicin","east Bohemia",77917,85,19,6,1,5,53.5,8390,2.28,2.89,132,2080,2122,"POPLATEK MESICNE",930626,6668,940730,74736,36,2076.0,"A",41471,"AB",67742585,6184.0,"SIPO"
1036,9735,"classic","970117 00:00:00",10043,8129,"OWNER",651029,45,"Jicin","east Bohemia",77917,85,19,6,1,5,53.5,8390,2.28,2.89,132,2080,2122,"POPLATEK MESICNE",930626,6668,940730,74736,36,2076.0,"A",41472,"KL",34254557,2076.0,"UVER"
189,1157,"classic","970219 00:00:00",1157,960,"OWNER",586230,4,"Kladno","central Bohemia",149893,63,29,6,2,6,67.4,9753,4.64,5.05,109,5244,5892,"POPLATEK PO OBRATU",941102,5151,950524,189060,60,3151.0,"C",30804,"YZ",8817315,3151.0,"UVER"
189,1157,"classic","970219 00:00:00",1157,960,"OWNER",586230,4,"Kladno","central Bohemia",149893,63,29,6,2,6,67.4,9753,4.64,5.05,109,5244,5892,"POPLATEK PO OBRATU",941102,5151,950524,189060,60,3151.0,"C",30805,"CD",19250178,5940.0,"SIPO"
1173,12442,"classic","970508 00:00:00",12750,10361,"OWNER",405525,21,"Tabor","south Bohemia",103347,87,16,7,1,7,67.0,9104,1.51,2.07,123,2299,2354,"POPLATEK MESICNE",960621,7119,970602,86880,12,7240.0,"A",44765,"CD",64321249,7240.0,"UVER"
426,2686,"classic","970509 00:00:00",2686,2218,"OWNER",515324,19,"Prachatice","south Bohemia",51428,50,11,3,1,4,52.7,8402,3.13,3.98,120,999,1099,"POPLATEK MESICNE",941121,5409,951118,182040,60,3034.0,"C",32658,"YZ",85124015,3034.0,"UVER"
791,5521,"classic","970512 00:00:00",5521,4580,"OWNER",735515,9,"Nymburk","central Bohemia",81344,61,23,4,2,6,55.3,8899,3.39,3.97,149,2987,2487,"POPLATEK MESICNE",940827,5922,950805,20220,12,1685.0,"A",36115,"ST",99807279,1684.8,"UVER"
791,5521,"classic","970512 00:00:00",5521,4580,"OWNER",735515,9,"Nymburk","central Bohemia",81344,61,23,4,2,6,55.3,8899,3.39,3.97,149,2987,2487,"POPLATEK MESICNE",940827,5922,950805,20220,12,1685.0,"A",36116,"AB",90886467,8723.0,"SIPO"
847,6610,"classic","970520 00:00:00",6610,5477,"OWNER",540603,57,"Hodonin","south Moravia",161954,21,37,20,3,8,48.0,8720,3.73,4.5,116,3729,3651,"POPLATEK MESICNE",951217,6118,971004,349392,48,7279.0,"C",37516,"UV",48098021,7279.3,"UVER"
847,6610,"classic","970520 00:00:00",6610,5477,"OWNER",540603,57,"Hodonin","south Moravia",161954,21,37,20,3,8,48.0,8720,3.73,4.5,116,3729,3651,"POPLATEK MESICNE",951217,6118,971004,349392,48,7279.0,"C",37517,"UV",40210610,6342.0,"SIPO"
353,2259,"classic","970611 00:00:00",2259,1862,"OWNER",505102,19,"Prachatice","south Bohemia",51428,50,11,3,1,4,52.7,8402,3.13,3.98,120,999,1099,"POPLATEK TYDNE",950415,5329,961016,396120,60,6602.0,"C",32128,"YZ",95449792,6601.7,"UVER"
1009,9409,"gold","970614 00:00:00",9717,7859,"OWNER",526110,52,"Usti nad Orlici","east Bohemia",139012,59,41,8,3,10,61.9,8363,2.52,3.49,108,2564,2799,"POPLATEK MESICNE",950314,6599,961119,72120,12,6010.0,"A",41064,"UV",4752576,6010.2,"UVER"
801,5684,"classic","970615 00:00:00",5684,4715,"OWNER",555302,8,"Mlada Boleslav","central Bohemia",112065,95,19,7,1,8,69.4,11277,1.25,1.44,127,5179,4987,"POPLATEK MESICNE",961028,5953,970314,97176,24,4049.0,"C",36325,"AB",94525420,4049.0,"UVER"
1178,12542,"classic","970619 00:00:00",12850,10445,"OWNER",550826,72,"Olomouc","north Moravia",226122,32,50,7,4,4,62.6,8994,3.8,4.79,110,9672,9208,"POPLATEK MESICNE",960529,7139,980122,23412,12,1951.0,"C",44909,"MN",24684030,3234.0,"SIPO"
1178,12542,"classic","970619 00:00:00",12850,10445,"OWNER",550826,72,"Olomouc","north Moravia",226122,32,50,7,4,4,62.6,8994,3.8,4.79,110,9672,9208,"POPLATEK MESICNE",960529,7139,980122,23412,12,1951.0,"C",44910,"EF",399,1951.0,"UVER"
280,1793,"classic","970622 00:00:00",1793,1480,"OWNER",455317,41,"Usti nad Labem","north Bohemia",118650,8,8,5,1,3,85.6,9832,3.32,4.48,114,6445,5471,"POPLATEK TYDNE",960703,5260,980119,123300,36,3425.0,"C",31581,"WX",70736652,3425.2,"UVER"
1196,12805,"classic","970627 00:00:00",13113,10663,"OWNER",761125,11,"Praha - zapad","central Bohemia",75637,35,36,9,0,7,36.5,9622,0.45,0.59,154,3475,3529,"POPLATEK MESICNE",931208,7176,951028,260028,36,7223.0,"A",45244,"MN",48801767,7223.2,"UVER"
1196,12805,"classic","970627 00:00:00",13113,10663,"OWNER",761125,11,"Praha - zapad","central Bohemia",75637,35,36,9,0,7,36.5,9622,0.45,0.59,154,3475,3529,"POPLATEK MESICNE",931208,7176,951028,260028,36,7223.0,"A",45245,"YZ",75102978,4782.0,"SIPO"
1196,12805,"classic","970627 00:00:00",13113,10663,"OWNER",761125,11,"Praha - zapad","central Bohemia",75637,35,36,9,0,7,36.5,9622,0.45,0.59,154,3475,3529,"POPLATEK MESICNE",931208,7176,951028,260028,36,7223.0,"A",45246,"YZ",54900079,9317.0," "
1138,11825,"classic","970629 00:00:00",12133,9859,"OWNER",645626,27,"Plzen - jih","west Bohemia",67298,71,19,10,0,7,43.8,8561,0.65,1.29,110,1029,1127,"POPLATEK MESICNE",960708,7001,970810,300600,60,5010.0,"C",44009,"EF",18163144,5010.5,"UVER"
1138,11825,"classic","970629 00:00:00",12133,9859,"OWNER",645626,27,"Plzen - jih","west Bohemia",67298,71,19,10,0,7,43.8,8561,0.65,1.29,110,1029,1127,"POPLATEK MESICNE",960708,7001,970810,300600,60,5010.0,"C",44010,"QR",24650532,1008.0,"SIPO"
1138,11825,"classic","970629 00:00:00",12133,9859,"OWNER",645626,27,"Plzen - jih","west Bohemia",67298,71,19,10,0,7,43.8,8561,0.65,1.29,110,1029,1127,"POPLATEK MESICNE",960708,7001,970810,300600,60,5010.0,"C",44011,"KL",16269088,1476.0," "
1138,11825,"classic","970629 00:00:00",12133,9859,"OWNER",645626,27,"Plzen - jih","west Bohemia",67298,71,19,10,0,7,43.8,8561,0.65,1.29,110,1029,1127,"POPLATEK MESICNE",960708,7001,970810,300600,60,5010.0,"C",44012,"KL",56029701,765.0,"POJISTNE"
781,5366,"classic","970707 00:00:00",5366,4448,"OWNER",715920,60,"Prostejov","south Moravia",110643,49,41,4,1,4,51.9,8441,3.45,4.48,115,1879,2252,"POPLATEK MESICNE",930602,5887,941003,192744,36,5354.0,"A",35932,"WX",57328462,5353.5,"UVER"
413,2592,"junior","970720 00:00:00",2592,2143,"OWNER",805831,1,"Hl.m. Praha","Prague",1204953,0,0,0,1,1,100.0,12541,0.29,0.43,167,85677,99107,"POPLATEK MESICNE",960113,5385,960909,71460,36,1985.0,"C",32539,"MN",66855954,7264.0,"SIPO"
413,2592,"junior","970720 00:00:00",2592,2143,"OWNER",805831,1,"Hl.m. Praha","Prague",1204953,0,0,0,1,1,100.0,12541,0.29,0.43,167,85677,99107,"POPLATEK MESICNE",960113,5385,960909,71460,36,1985.0,"C",32540,"OP",18297326,1985.0,"UVER"
1059,10235,"classic","970729 00:00:00",10543,8547,"OWNER",455223,14,"Ceske Budejovice","south Bohemia",177686,69,27,10,1,9,74.8,10045,1.42,1.71,135,6604,6295,"POPLATEK TYDNE",950717,6734,960530,173016,36,4806.0,"C",42084,"AB",64253020,4806.5,"UVER"
884,7286,"gold","970731 00:00:00",7286,6030,"OWNER",705210,47,"Pardubice","east Bohemia",162580,83,26,5,1,6,72.8,9538,1.51,1.81,111,6079,5410,"POPLATEK MESICNE",930824,6227,950304,28248,24,1177.0,"A",38326,"WX",18410075,1177.0,"UVER"
936,8030,"classic","970802 00:00:00",8030,6649,"OWNER",670719,1,"Hl.m. Praha","Prague",1204953,0,0,0,1,1,100.0,12541,0.29,0.43,167,85677,99107,"POPLATEK MESICNE",950708,6346,970522,100260,60,1671.0,"C",39241,"CD",71315157,1671.0,"UVER"
511,3257,"junior","970806 00:00:00",3257,2699,"OWNER",785511,73,"Opava","north Moravia",182027,17,49,12,2,7,56.4,8746,3.33,3.74,90,4355,4433,"POPLATEK MESICNE",961225,5520,980830,231168,48,4816.0,"C",33387,"AB",41725951,4816.0,"UVER"
511,3257,"junior","970806 00:00:00",3257,2699,"OWNER",785511,73,"Opava","north Moravia",182027,17,49,12,2,7,56.4,8746,3.33,3.74,90,4355,4433,"POPLATEK MESICNE",961225,5520,980830,231168,48,4816.0,"C",33388,"IJ",10817695,3743.0,"SIPO"
511,3257,"junior","970806 00:00:00",3257,2699,"OWNER",785511,73,"Opava","north Moravia",182027,17,49,12,2,7,56.4,8746,3.33,3.74,90,4355,4433,"POPLATEK MESICNE",961225,5520,980830,231168,48,4816.0,"C",33389,"CD",32435608,662.0," "
1220,13160,"classic","970808 00:00:00",13468,10954,"OWNER",601031,25,"Klatovy","west Bohemia",88757,60,33,3,2,10,61.7,8554,2.47,2.68,113,1822,2218,"POPLATEK MESICNE",960729,7230,970402,18720,60,312.0,"C",45688,"ST",11468434,312.0,"UVER"
140,798,"classic","970822 00:00:00",798,666,"OWNER",405212,27,"Plzen - jih","west Bohemia",67298,71,19,10,0,7,43.8,8561,0.65,1.29,110,1029,1127,"POPLATEK MESICNE",960315,5103,971128,12540,12,1045.0,"A",30372,"AB",85506128,3936.0,"SIPO"
140,798,"classic","970822 00:00:00",798,666,"OWNER",405212,27,"Plzen - jih","west Bohemia",67298,71,19,10,0,7,43.8,8561,0.65,1.29,110,1029,1127,"POPLATEK MESICNE",960315,5103,971128,12540,12,1045.0,"A",30373,"ST",70089435,2282.0," "
140,798,"classic","970822 00:00:00",798,666,"OWNER",405212,27,"Plzen - jih","west Bohemia",67298,71,19,10,0,7,43.8,8561,0.65,1.29,110,1029,1127,"POPLATEK MESICNE",960315,5103,971128,12540,12,1045.0,"A",30374,"GH",93173819,955.0,"POJISTNE"
140,798,"classic","970822 00:00:00",798,666,"OWNER",405212,27,"Plzen - jih","west Bohemia",67298,71,19,10,0,7,43.8,8561,0.65,1.29,110,1029,1127,"POPLATEK MESICNE",960315,5103,971128,12540,12,1045.0,"A",30375,"UV",65873688,1045.0,"UVER"
355,2267,"classic","970828 00:00:00",2267,1869,"OWNER",665410,1,"Hl.m. Praha","Prague",1204953,0,0,0,1,1,100.0,12541,0.29,0.43,167,85677,99107,"POPLATEK MESICNE",960614,5332,980129,37944,36,1054.0,"C",32137,"YZ",44563007,1054.0,"UVER"
896,7567,"classic","970918 00:00:00",7567,6265,"OWNER",370315,5,"Kolin","central Bohemia",95616,65,30,4,1,6,51.4,9307,3.85,4.43,118,2616,3040,"POPLATEK MESICNE",961101,6278,970610,87360,24,3640.0,"C",38694,"WX",43599933,3639.5,"UVER"
896,7567,"classic","970918 00:00:00",7567,6265,"OWNER",370315,5,"Kolin","central Bohemia",95616,65,30,4,1,6,51.4,9307,3.85,4.43,118,2616,3040,"POPLATEK MESICNE",961101,6278,970610,87360,24,3640.0,"C",38695,"EF",11553663,7274.0,"SIPO"
612,3906,"classic","970922 00:00:00",3906,3229,"OWNER",361223,64,"Zlin","south Moravia",197099,29,41,10,2,10,74.7,9624,1.6,2.31,145,4484,4265,"POPLATEK MESICNE",951118,5634,970501,39024,12,3252.0,"A",34188,"QR",63988697,3252.2,"UVER"
612,3906,"classic","970922 00:00:00",3906,3229,"OWNER",361223,64,"Zlin","south Moravia",197099,29,41,10,2,10,74.7,9624,1.6,2.31,145,4484,4265,"POPLATEK MESICNE",951118,5634,970501,39024,12,3252.0,"A",34189,"YZ",97103529,6828.0,"SIPO"
612,3906,"classic","970922 00:00:00",3906,3229,"OWNER",361223,64,"Zlin","south Moravia",197099,29,41,10,2,10,74.7,9624,1.6,2.31,145,4484,4265,"POPLATEK MESICNE",951118,5634,970501,39024,12,3252.0,"A",34190,"WX",5108792,6411.0," "
1115,11375,"junior","971003 00:00:00",11683,9491,"OWNER",800128,7,"Melnik","central Bohemia",94725,38,28,1,3,6,63.4,9920,2.26,2.87,130,4289,4846,"POPLATEK TYDNE",960808,6932,980625,225504,48,4698.0,"C",43465,"ST",8897775,4698.0,"UVER"
1115,11375,"junior","971003 00:00:00",11683,9491,"OWNER",800128,7,"Melnik","central Bohemia",94725,38,28,1,3,6,63.4,9920,2.26,2.87,130,4289,4846,"POPLATEK TYDNE",960808,6932,980625,225504,48,4698.0,"C",43466,"GH",6734550,4704.0,"SIPO"
1115,11375,"junior","971003 00:00:00",11683,9491,"OWNER",800128,7,"Melnik","central Bohemia",94725,38,28,1,3,6,63.4,9920,2.26,2.87,130,4289,4846,"POPLATEK TYDNE",960808,6932,980625,225504,48,4698.0,"C",43467,"GH",42563897,2245.0," "
1115,11375,"junior","971003 00:00:00",11683,9491,"OWNER",800128,7,"Melnik","central Bohemia",94725,38,28,1,3,6,63.4,9920,2.26,2.87,130,4289,4846,"POPLATEK TYDNE",960808,6932,980625,225504,48,4698.0,"C",43468,"QR",50093847,872.0,"POJISTNE"
436,2759,"classic","971009 00:00:00",2759,2279,"OWNER",740126,2,"Benesov","central Bohemia",88884,80,26,6,2,5,46.7,8507,1.67,1.85,132,2159,2674,"POPLATEK TYDNE",961030,5435,980601,314688,48,6556.0,"C",32753,"OP",19501900,6556.3,"UVER"
428,2698,"classic","971013 00:00:00",2698,2227,"OWNER",706007,31,"Tachov","west Bohemia",51313,34,12,3,1,4,59.2,8930,3.52,4.2,108,1328,1452,"POPLATEK TYDNE",940522,5413,951212,92976,24,3874.0,"A",32669,"MN",86397230,3873.7,"UVER"
428,2698,"classic","971013 00:00:00",2698,2227,"OWNER",706007,31,"Tachov","west Bohemia",51313,34,12,3,1,4,59.2,8930,3.52,4.2,108,1328,1452,"POPLATEK TYDNE",940522,5413,951212,92976,24,3874.0,"A",32670,"EF",69415771,13386.0,"SIPO"
552,3519,"classic","971025 00:00:00",3519,2912,"OWNER",491215,74,"Ostrava - mesto","north Moravia",323870,0,0,0,1,1,100.0,10673,4.75,5.44,100,18782,18347,"POPLATEK MESICNE",940730,5563,960229,380160,60,6336.0,"C",33709,"GH",80799913,6336.0,"UVER"
1016,9525,"classic","971028 00:00:00",9833,7957,"OWNER",640921,51,"Trutnov","east Bohemia",121947,37,28,7,3,11,70.5,8541,2.51,2.97,131,3496,3839,"POPLATEK MESICNE",950907,6621,970614,42900,12,3575.0,"A",41214,"YZ",74890845,3575.0,"UVER"
1016,9525,"classic","971028 00:00:00",9833,7957,"OWNER",640921,51,"Trutnov","east Bohemia",121947,37,28,7,3,11,70.5,8541,2.51,2.97,131,3496,3839,"POPLATEK MESICNE",950907,6621,970614,42900,12,3575.0,"A",41215,"WX",45545804,6164.0,"SIPO"
1016,9525,"classic","971028 00:00:00",9833,7957,"OWNER",640921,51,"Trutnov","east Bohemia",121947,37,28,7,3,11,70.5,8541,2.51,2.97,131,3496,3839,"POPLATEK MESICNE",950907,6621,970614,42900,12,3575.0,"A",41216,"EF",66945707,6055.0," "
1056,10220,"classic","971106 00:00:00",10528,8533,"OWNER",525216,47,"Pardubice","east Bohemia",162580,83,26,5,1,6,72.8,9538,1.51,1.81,111,6079,5410,"POPLATEK MESICNE",951010,6732,960919,174048,48,3626.0,"C",42068,"YZ",84493583,3626.0,"UVER"
947,8366,"classic","971108 00:00:00",8366,6930,"OWNER",605521,41,"Usti nad Labem","north Bohemia",118650,8,8,5,1,3,85.6,9832,3.32,4.48,114,6445,5471,"POPLATEK MESICNE",930908,6407,940526,25944,24,1081.0,"A",39661,"WX",22201913,1081.0,"UVER"
1234,13386,"classic","971128 00:00:00",13694,11141,"OWNER",765120,1,"Hl.m. Praha","Prague",1204953,0,0,0,1,1,100.0,12541,0.29,0.43,167,85677,99107,"POPLATEK TYDNE",970211,7264,971007,44940,12,3745.0,"A",45978,"QR",68096905,3744.7,"UVER"
45,272,"classic","971205 00:00:00",272,226,"OWNER",446025,70,"Karvina","north Moravia",285387,0,2,8,5,7,89.9,10177,6.63,7.75,81,9878,10108,"POPLATEK MESICNE",970223,5015,980712,109344,12,9112.0,"C",29743,"UV",29971635,8928.0,"SIPO"
45,272,"classic","971205 00:00:00",272,226,"OWNER",446025,70,"Karvina","north Moravia",285387,0,2,8,5,7,89.9,10177,6.63,7.75,81,9878,10108,"POPLATEK MESICNE",970223,5015,980712,109344,12,9112.0,"C",29744,"GH",39824432,9112.0,"UVER"
25,158,"classic","971206 00:00:00",158,132,"OWNER",455703,40,"Teplice","north Bohemia",128118,9,16,6,3,8,85.3,9317,6.49,7.07,97,6949,6872,"POPLATEK PO OBRATU",960511,4996,961106,88440,12,7370.0,"A",29614,"WX",80542558,7370.2,"UVER"
569,3616,"classic","971212 00:00:00",3616,2994,"OWNER",645414,77,"Vsetin","north Moravia",148545,8,35,12,3,4,53.5,8909,4.01,5.56,113,3460,3590,"POPLATEK MESICNE",960503,5586,960914,48744,36,1354.0,"C",33837,"WX",20186478,3217.0,"SIPO"
569,3616,"classic","971212 00:00:00",3616,2994,"OWNER",645414,77,"Vsetin","north Moravia",148545,8,35,12,3,4,53.5,8909,4.01,5.56,113,3460,3590,"POPLATEK MESICNE",960503,5586,960914,48744,36,1354.0,"C",33838,"WX",65474504,1354.0,"UVER"
1022,9606,"classic","971213 00:00:00",9914,8026,"OWNER",421208,36,"Liberec","north Bohemia",159617,29,19,8,1,9,85.2,9198,3.33,4.28,131,5796,6132,"POPLATEK MESICNE",970323,6641,970909,128268,36,3563.0,"C",41316,"GH",42597097,3563.0,"UVER"
1105,11237,"classic","971213 00:00:00",11545,9377,"OWNER",665122,1,"Hl.m. Praha","Prague",1204953,0,0,0,1,1,100.0,12541,0.29,0.43,167,85677,99107,"POPLATEK MESICNE",950917,6913,970429,99936,24,4164.0,"C",43294,"QR",64104062,4164.0,"UVER"
1105,11237,"classic","971213 00:00:00",11545,9377,"OWNER",665122,1,"Hl.m. Praha","Prague",1204953,0,0,0,1,1,100.0,12541,0.29,0.43,167,85677,99107,"POPLATEK MESICNE",950917,6913,970429,99936,24,4164.0,"C",43295,"QR",54912304,2758.0,"SIPO"
1105,11237,"classic","971213 00:00:00",11545,9377,"OWNER",665122,1,"Hl.m. Praha","Prague",1204953,0,0,0,1,1,100.0,12541,0.29,0.43,167,85677,99107,"POPLATEK MESICNE",950917,6913,970429,99936,24,4164.0,"C",43296,"AB",52341222,3983.0," "
891,7434,"classic","971223 00:00:00",7434,6157,"OWNER",425404,34,"Chomutov","north Bohemia",125236,28,11,1,4,5,87.7,9675,6.43,7.68,100,5323,5190,"POPLATEK MESICNE",961111,6254,971228,247920,48,5165.0,"C",38539,"GH",85308313,5165.2,"UVER"
891,7434,"classic","971223 00:00:00",7434,6157,"OWNER",425404,34,"Chomutov","north Bohemia",125236,28,11,1,4,5,87.7,9675,6.43,7.68,100,5323,5190,"POPLATEK MESICNE",961111,6254,971228,247920,48,5165.0,"C",38540,"MN",97978877,9523.0,"SIPO"
566,3606,"classic","971225 00:00:00",3606,2986,"OWNER",580606,63,"Vyskov","south Moravia",86513,38,36,5,1,5,50.5,8288,3.79,4.52,110,1562,1460,"POPLATEK MESICNE",960409,5584,971206,24792,24,1033.0,"C",33824,"MN",61638289,3301.0,"SIPO"
566,3606,"classic","971225 00:00:00",3606,2986,"OWNER",580606,63,"Vyskov","south Moravia",86513,38,36,5,1,5,50.5,8288,3.79,4.52,110,1562,1460,"POPLATEK MESICNE",960409,5584,971206,24792,24,1033.0,"C",33825,"CD",64366233,1390.0," "
566,3606,"classic","971225 00:00:00",3606,2986,"OWNER",580606,63,"Vyskov","south Moravia",86513,38,36,5,1,5,50.5,8288,3.79,4.52,110,1562,1460,"POPLATEK MESICNE",960409,5584,971206,24792,24,1033.0,"C",33826,"WX",94623159,1033.0,"UVER"
434,2739,"classic","971230 00:00:00",2739,2262,"OWNER",500126,13,"Rakovnik","central Bohemia",53921,61,22,1,1,2,41.3,8598,2.77,3.26,123,1597,1875,"POPLATEK MESICNE",970208,5428,981202,230220,36,6395.0,"C",32729,"CD",77488755,6395.0,"UVER"
304,1913,"classic","980106 00:00:00",1913,1580,"OWNER",680415,69,"Jesenik","north Moravia",42821,4,13,5,1,3,48.4,8173,,7.01,124,,1358,"POPLATEK MESICNE",960108,5281,971127,194256,24,8094.0,"C",31729,"UV",11339313,8094.2,"UVER"
517,3291,"classic","980109 00:00:00",3291,2725,"OWNER",470123,52,"Usti nad Orlici","east Bohemia",139012,59,41,8,3,10,61.9,8363,2.52,3.49,108,2564,2799,"POPLATEK MESICNE",970402,5526,981108,69624,36,1934.0,"C",33429,"CD",59237199,3197.0,"SIPO"
517,3291,"classic","980109 00:00:00",3291,2725,"OWNER",470123,52,"Usti nad Orlici","east Bohemia",139012,59,41,8,3,10,61.9,8363,2.52,3.49,108,2564,2799,"POPLATEK MESICNE",970402,5526,981108,69624,36,1934.0,"C",33430,"WX",80807143,66.0," "
517,3291,"classic","980109 00:00:00",3291,2725,"OWNER",470123,52,"Usti nad Orlici","east Bohemia",139012,59,41,8,3,10,61.9,8363,2.52,3.49,108,2564,2799,"POPLATEK MESICNE",970402,5526,981108,69624,36,1934.0,"C",33431,"IJ",64775931,461.0,"POJISTNE"
517,3291,"classic","980109 00:00:00",3291,2725,"OWNER",470123,52,"Usti nad Orlici","east Bohemia",139012,59,41,8,3,10,61.9,8363,2.52,3.49,108,2564,2799,"POPLATEK MESICNE",970402,5526,981108,69624,36,1934.0,"C",33432,"WX",31665891,1934.0,"UVER"
897,7576,"classic","980118 00:00:00",7576,6273,"OWNER",620710,38,"Louny","north Bohemia",85852,41,23,4,2,4,59.8,8965,7.08,8.23,104,2653,2822,"POPLATEK MESICNE",930721,6279,940607,87360,24,3640.0,"A",38708,"QR",34498596,3639.5,"UVER"
803,5727,"classic","980119 00:00:00",5727,4746,"OWNER",530224,54,"Brno - mesto","south Moravia",387570,0,0,0,1,1,100.0,9897,1.6,1.96,140,18721,18696,"POPLATEK MESICNE",970221,5963,970907,204780,60,3413.0,"C",36371,"UV",51417624,3413.0,"UVER"
904,7672,"classic","980122 00:00:00",7672,6353,"OWNER",530405,26,"Plzen - mesto","west Bohemia",170449,0,0,0,1,1,100.0,10787,2.64,3.09,131,6041,6261,"POPLATEK MESICNE",931126,6294,950212,79920,60,1332.0,"C",38820,"EF",55760598,586.0,"SIPO"
904,7672,"classic","980122 00:00:00",7672,6353,"OWNER",530405,26,"Plzen - mesto","west Bohemia",170449,0,0,0,1,1,100.0,10787,2.64,3.09,131,6041,6261,"POPLATEK MESICNE",931126,6294,950212,79920,60,1332.0,"C",38821,"OP",1903015,5984.0," "
904,7672,"classic","980122 00:00:00",7672,6353,"OWNER",530405,26,"Plzen - mesto","west Bohemia",170449,0,0,0,1,1,100.0,10787,2.64,3.09,131,6041,6261,"POPLATEK MESICNE",931126,6294,950212,79920,60,1332.0,"C",38822,"CD",62611573,1332.0,"UVER"
65,414,"classic","980202 00:00:00",414,339,"OWNER",476019,46,"Nachod","east Bohemia",112709,48,20,7,3,10,73.5,8369,1.79,2.31,117,2854,2618,"POPLATEK TYDNE",960911,5043,971225,468060,60,7801.0,"C",29906,"OP",60226070,7801.2,"UVER"
65,414,"classic","980202 00:00:00",414,339,"OWNER",476019,46,"Nachod","east Bohemia",112709,48,20,7,3,10,73.5,8369,1.79,2.31,117,2854,2618,"POPLATEK TYDNE",960911,5043,971225,468060,60,7801.0,"C",29907,"WX",52391654,4087.0,"SIPO"
65,414,"classic","980202 00:00:00",414,339,"OWNER",476019,46,"Nachod","east Bohemia",112709,48,20,7,3,10,73.5,8369,1.79,2.31,117,2854,2618,"POPLATEK TYDNE",960911,5043,971225,468060,60,7801.0,"C",29908,"IJ",21728092,48.0," "
1239,13442,"junior","980202 00:00:00",13750,11186,"OWNER",806113,12,"Pribram","central Bohemia",107870,84,29,6,1,6,58.0,8754,3.83,4.31,137,3804,3868,"POPLATEK MESICNE",941124,7271,961002,392460,60,6541.0,"C",46055,"UV",92339318,6541.2,"UVER"
1239,13442,"junior","980202 00:00:00",13750,11186,"OWNER",806113,12,"Pribram","central Bohemia",107870,84,29,6,1,6,58.0,8754,3.83,4.31,137,3804,3868,"POPLATEK MESICNE",941124,7271,961002,392460,60,6541.0,"C",46056,"WX",55896991,9810.0,"SIPO"
398,2522,"classic","980214 00:00:00",2522,2080,"OWNER",370908,74,"Ostrava - mesto","north Moravia",323870,0,0,0,1,1,100.0,10673,4.75,5.44,100,18782,18347,"POPLATEK MESICNE",970427,5369,970912,214596,36,5961.0,"C",32454,"UV",34001827,5961.0,"UVER"
398,2522,"classic","980214 00:00:00",2522,2080,"OWNER",370908,74,"Ostrava - mesto","north Moravia",323870,0,0,0,1,1,100.0,10673,4.75,5.44,100,18782,18347,"POPLATEK MESICNE",970427,5369,970912,214596,36,5961.0,"C",32455,"UV",62451505,13628.0,"SIPO"
796,5579,"classic","980220 00:00:00",5579,4631,"OWNER",510216,77,"Vsetin","north Moravia",148545,8,35,12,3,4,53.5,8909,4.01,5.56,113,3460,3590,"POPLATEK PO OBRATU",961212,5933,971213,87528,24,3647.0,"C",36189,"KL",39618468,3647.0,"UVER"
21,132,"classic","980226 00:00:00",132,110,"OWNER",530126,36,"Liberec","north Bohemia",159617,29,19,8,1,9,85.2,9198,3.33,4.28,131,5796,6132,"POPLATEK MESICNE",960717,4990,970908,162576,36,4516.0,"C",29584,"OP",24390584,3050.0,"SIPO"
21,132,"classic","980226 00:00:00",132,110,"OWNER",530126,36,"Liberec","north Bohemia",159617,29,19,8,1,9,85.2,9198,3.33,4.28,131,5796,6132,"POPLATEK MESICNE",960717,4990,970908,162576,36,4516.0,"C",29585,"YZ",18149984,98.0," "
21,132,"classic","980226 00:00:00",132,110,"OWNER",530126,36,"Liberec","north Bohemia",159617,29,19,8,1,9,85.2,9198,3.33,4.28,131,5796,6132,"POPLATEK MESICNE",960717,4990,970908,162576,36,4516.0,"C",29586,"ST",14772266,4516.0,"UVER"
946,8359,"junior","980228 00:00:00",8359,6924,"OWNER",791206,74,"Ostrava - mesto","north Moravia",323870,0,0,0,1,1,100.0,10673,4.75,5.44,100,18782,18347,"POPLATEK MESICNE",940601,6403,951205,194880,48,4060.0,"C",39648,"UV",50566107,4059.5,"UVER"
946,8359,"junior","980228 00:00:00",8359,6924,"OWNER",791206,74,"Ostrava - mesto","north Moravia",323870,0,0,0,1,1,100.0,10673,4.75,5.44,100,18782,18347,"POPLATEK MESICNE",940601,6403,951205,194880,48,4060.0,"C",39649,"CD",76091629,4585.0,"SIPO"
1230,13312,"classic","980308 00:00:00",13620,11079,"OWNER",700726,16,"Jindrichuv Hradec","south Bohemia",93931,74,21,10,1,8,56.9,8427,1.12,1.54,107,1874,1913,"POPLATEK MESICNE",951110,7253,970426,98304,12,8192.0,"A",45885,"UV",40114671,8191.5,"UVER"
1199,12826,"classic","980309 00:00:00",13134,10679,"OWNER",626103,1,"Hl.m. Praha","Prague",1204953,0,0,0,1,1,100.0,12541,0.29,0.43,167,85677,99107,"POPLATEK MESICNE",970530,7181,971002,197808,24,8242.0,"C",45271,"AB",88228171,8241.8,"UVER"
1199,12826,"classic","980309 00:00:00",13134,10679,"OWNER",626103,1,"Hl.m. Praha","Prague",1204953,0,0,0,1,1,100.0,12541,0.29,0.43,167,85677,99107,"POPLATEK MESICNE",970530,7181,971002,197808,24,8242.0,"C",45272,"UV",90083878,6670.0,"SIPO"
965,8636,"classic","980402 00:00:00",8636,7156,"OWNER",416112,71,"Novy Jicin","north Moravia",161227,5,35,11,4,10,69.7,8678,5.93,5.57,102,4980,4595,"POPLATEK MESICNE",970911,6464,980416,49488,24,2062.0,"C",40034,"MN",60879224,2062.0,"UVER"
775,5253,"gold","980411 00:00:00",5253,4361,"OWNER",466007,69,"Jesenik","north Moravia",42821,4,13,5,1,3,48.4,8173,,7.01,124,,1358,"POPLATEK MESICNE",960311,5868,970329,90156,12,7513.0,"A",35802,"AB",55740487,7512.7,"UVER"
170,1020,"classic","980416 00:00:00",1020,846,"OWNER",775510,72,"Olomouc","north Moravia",226122,32,50,7,4,4,62.6,8994,3.8,4.79,110,9672,9208,"POPLATEK MESICNE",960309,5136,960728,187104,24,7796.0,"A",30630,"WX",61563986,7795.5,"UVER"
933,7959,"junior","980421 00:00:00",7959,6592,"OWNER",785629,1,"Hl.m. Praha","Prague",1204953,0,0,0,1,1,100.0,12541,0.29,0.43,167,85677,99107,"POPLATEK MESICNE",961020,6338,970824,390660,60,6511.0,"C",39151,"QR",62818646,6510.7,"UVER"
933,7959,"junior","980421 00:00:00",7959,6592,"OWNER",785629,1,"Hl.m. Praha","Prague",1204953,0,0,0,1,1,100.0,12541,0.29,0.43,167,85677,99107,"POPLATEK MESICNE",961020,6338,970824,390660,60,6511.0,"C",39152,"QR",16516280,10755.0,"SIPO"
918,7796,"classic","980427 00:00:00",7796,6461,"OWNER",755927,50,"Svitavy","east Bohemia",102609,75,33,2,3,6,52.0,8187,4.83,5.45,94,2123,2134,"POPLATEK MESICNE",960717,6313,970615,150912,36,4192.0,"C",38965,"MN",30961704,4192.5,"UVER"
680,4417,"classic","980429 00:00:00",4417,3664,"OWNER",760424,1,"Hl.m. Praha","Prague",1204953,0,0,0,1,1,100.0,12541,0.29,0.43,167,85677,99107,"POPLATEK MESICNE",960428,5719,970920,271584,48,5658.0,"C",34810,"GH",3468728,5658.0,"UVER"
824,6196,"classic","980429 00:00:00",6196,5133,"OWNER",430309,68,"Frydek - Mistek","north Moravia",228848,15,40,18,2,6,57.2,9893,4.09,4.72,96,5623,5887,"POPLATEK TYDNE",961208,6044,980127,57060,12,4755.0,"C",36956,"MN",16182625,4755.0,"UVER"
824,6196,"classic","980429 00:00:00",6196,5133,"OWNER",430309,68,"Frydek - Mistek","north Moravia",228848,15,40,18,2,6,57.2,9893,4.09,4.72,96,5623,5887,"POPLATEK TYDNE",961208,6044,980127,57060,12,4755.0,"C",36957,"AB",50449115,286.0,"SIPO"
824,6196,"classic","980429 00:00:00",6196,5133,"OWNER",430309,68,"Frydek - Mistek","north Moravia",228848,15,40,18,2,6,57.2,9893,4.09,4.72,96,5623,5887,"POPLATEK TYDNE",961208,6044,980127,57060,12,4755.0,"C",36958,"IJ",35177278,412.0," "
824,6196,"classic","980429 00:00:00",6196,5133,"OWNER",430309,68,"Frydek - Mistek","north Moravia",228848,15,40,18,2,6,57.2,9893,4.09,4.72,96,5623,5887,"POPLATEK TYDNE",961208,6044,980127,57060,12,4755.0,"C",36959,"QR",97651743,3913.0,"POJISTNE"
1194,12781,"junior","980430 00:00:00",13089,10644,"OWNER",795214,16,"Jindrichuv Hradec","south Bohemia",93931,74,21,10,1,8,56.9,8427,1.12,1.54,107,1874,1913,"POPLATEK MESICNE",970712,7167,980618,269964,36,7499.0,"C",45210,"ST",68935322,7498.7,"UVER"
1194,12781,"junior","980430 00:00:00",13089,10644,"OWNER",795214,16,"Jindrichuv Hradec","south Bohemia",93931,74,21,10,1,8,56.9,8427,1.12,1.54,107,1874,1913,"POPLATEK MESICNE",970712,7167,980618,269964,36,7499.0,"C",45211,"GH",87092184,11053.0,"SIPO"
186,1133,"gold","980512 00:00:00",1133,940,"OWNER",585915,37,"Litomerice","north Bohemia",114006,71,26,6,2,9,62.3,9065,4.46,5.39,123,4147,4166,"POPLATEK MESICNE",941115,5148,960529,284280,60,4738.0,"C",30781,"OP",99014985,4738.0,"UVER"
1216,13097,"classic","980526 00:00:00",13405,10905,"OWNER",580813,32,"Ceska Lipa","north Bohemia",105058,32,19,7,2,10,81.0,9272,2.8,3.22,118,4340,4505,"POPLATEK MESICNE",961121,7219,970823,57120,48,1190.0,"C",45606,"AB",20420891,2939.0,"SIPO"
1216,13097,"classic","980526 00:00:00",13405,10905,"OWNER",580813,32,"Ceska Lipa","north Bohemia",105058,32,19,7,2,10,81.0,9272,2.8,3.22,118,4340,4505,"POPLATEK MESICNE",961121,7219,970823,57120,48,1190.0,"C",45607,"EF",13832676,1682.0," "
1216,13097,"classic","980526 00:00:00",13405,10905,"OWNER",580813,32,"Ceska Lipa","north Bohemia",105058,32,19,7,2,10,81.0,9272,2.8,3.22,118,4340,4505,"POPLATEK MESICNE",961121,7219,970823,57120,48,1190.0,"C",45608,"KL",88619136,1190.0,"UVER"
446,2841,"classic","980604 00:00:00",2841,2350,"OWNER",735410,18,"Pisek","south Bohemia",70699,60,13,2,1,4,65.3,8968,2.83,3.35,131,1740,1910,"POPLATEK MESICNE",960804,5451,970511,159744,48,3328.0,"C",32863,"OP",74027311,3328.2,"UVER"
446,2841,"classic","980604 00:00:00",2841,2350,"OWNER",735410,18,"Pisek","south Bohemia",70699,60,13,2,1,4,65.3,8968,2.83,3.35,131,1740,1910,"POPLATEK MESICNE",960804,5451,970511,159744,48,3328.0,"C",32864,"KL",56521683,575.0,"SIPO"
446,2841,"classic","980604 00:00:00",2841,2350,"OWNER",735410,18,"Pisek","south Bohemia",70699,60,13,2,1,4,65.3,8968,2.83,3.35,131,1740,1910,"POPLATEK MESICNE",960804,5451,970511,159744,48,3328.0,"C",32865,"IJ",98643308,5263.0," "
823,6178,"classic","980605 00:00:00",6178,5120,"OWNER",406015,1,"Hl.m. Praha","Prague",1204953,0,0,0,1,1,100.0,12541,0.29,0.43,167,85677,99107,"POPLATEK MESICNE",930621,6038,940810,323472,48,6739.0,"A",36934,"MN",4935771,6738.7,"UVER"
823,6178,"classic","980605 00:00:00",6178,5120,"OWNER",406015,1,"Hl.m. Praha","Prague",1204953,0,0,0,1,1,100.0,12541,0.29,0.43,167,85677,99107,"POPLATEK MESICNE",930621,6038,940810,323472,48,6739.0,"A",36935,"YZ",26903707,3008.0,"SIPO"
17,127,"classic","980607 00:00:00",127,105,"OWNER",506227,21,"Tabor","south Bohemia",103347,87,16,7,1,7,67.0,9104,1.51,2.07,123,2299,2354,"POPLATEK MESICNE",970710,4989,981205,352704,48,7348.0,"C",29578,"UV",58251345,7348.0,"UVER"
770,5232,"classic","980615 00:00:00",5232,4342,"OWNER",485406,74,"Ostrava - mesto","north Moravia",323870,0,0,0,1,1,100.0,10673,4.75,5.44,100,18782,18347,"POPLATEK MESICNE",960429,5862,971209,100128,24,4172.0,"C",35781,"AB",4569364,4172.0,"UVER"
770,5232,"classic","980615 00:00:00",5232,4342,"OWNER",485406,74,"Ostrava - mesto","north Moravia",323870,0,0,0,1,1,100.0,10673,4.75,5.44,100,18782,18347,"POPLATEK MESICNE",960429,5862,971209,100128,24,4172.0,"C",35782,"KL",52346587,6135.0,"SIPO"
785,5468,"classic","980616 00:00:00",5468,4533,"OWNER",445527,68,"Frydek - Mistek","north Moravia",228848,15,40,18,2,6,57.2,9893,4.09,4.72,96,5623,5887,"POPLATEK MESICNE",970803,5906,980505,81144,36,2254.0,"C",36048,"CD",10384428,2253.5,"UVER"
785,5468,"classic","980616 00:00:00",5468,4533,"OWNER",445527,68,"Frydek - Mistek","north Moravia",228848,15,40,18,2,6,57.2,9893,4.09,4.72,96,5623,5887,"POPLATEK MESICNE",970803,5906,980505,81144,36,2254.0,"C",36049,"OP",65046036,10479.0,"SIPO"
16,116,"classic","980623 00:00:00",116,97,"OWNER",420128,74,"Ostrava - mesto","north Moravia",323870,0,0,0,1,1,100.0,10673,4.75,5.44,100,18782,18347,"POPLATEK MESICNE",960505,4986,970810,102876,12,8573.0,"A",29559,"ST",69820374,1436.0,"SIPO"
16,116,"classic","980623 00:00:00",116,97,"OWNER",420128,74,"Ostrava - mesto","north Moravia",323870,0,0,0,1,1,100.0,10673,4.75,5.44,100,18782,18347,"POPLATEK MESICNE",960505,4986,970810,102876,12,8573.0,"A",29560,"CD",33796209,2411.0," "
16,116,"classic","980623 00:00:00",116,97,"OWNER",420128,74,"Ostrava - mesto","north Moravia",323870,0,0,0,1,1,100.0,10673,4.75,5.44,100,18782,18347,"POPLATEK MESICNE",960505,4986,970810,102876,12,8573.0,"A",29561,"ST",83123987,3.0,"POJISTNE"
16,116,"classic","980623 00:00:00",116,97,"OWNER",420128,74,"Ostrava - mesto","north Moravia",323870,0,0,0,1,1,100.0,10673,4.75,5.44,100,18782,18347,"POPLATEK MESICNE",960505,4986,970810,102876,12,8573.0,"A",29562,"CD",94469666,15.0," "
16,116,"classic","980623 00:00:00",116,97,"OWNER",420128,74,"Ostrava - mesto","north Moravia",323870,0,0,0,1,1,100.0,10673,4.75,5.44,100,18782,18347,"POPLATEK MESICNE",960505,4986,970810,102876,12,8573.0,"A",29563,"MN",9693319,8573.0,"UVER"
831,6275,"classic","980629 00:00:00",6275,5196,"OWNER",561230,13,"Rakovnik","central Bohemia",53921,61,22,1,1,2,41.3,8598,2.77,3.26,123,1597,1875,"POPLATEK TYDNE",970629,6059,971228,79824,12,6652.0,"A",37059,"YZ",95793395,6652.5,"UVER"
831,6275,"classic","980629 00:00:00",6275,5196,"OWNER",561230,13,"Rakovnik","central Bohemia",53921,61,22,1,1,2,41.3,8598,2.77,3.26,123,1597,1875,"POPLATEK TYDNE",970629,6059,971228,79824,12,6652.0,"A",37060,"CD",22101694,7905.0,"SIPO"
142,810,"classic","980701 00:00:00",810,675,"OWNER",455924,58,"Jihlava","south Moravia",109164,98,16,6,1,4,63.6,8757,3.38,3.95,96,2212,2471,"POPLATEK MESICNE",950803,5110,970401,102240,60,1704.0,"C",30392,"MN",74623369,6358.0,"SIPO"
142,810,"classic","980701 00:00:00",810,675,"OWNER",455924,58,"Jihlava","south Moravia",109164,98,16,6,1,4,63.6,8757,3.38,3.95,96,2212,2471,"POPLATEK MESICNE",950803,5110,970401,102240,60,1704.0,"C",30393,"MN",56463271,1704.0,"UVER"
991,9149,"junior","980701 00:00:00",9457,7637,"OWNER",780926,46,"Nachod","east Bohemia",112709,48,20,7,3,10,73.5,8369,1.79,2.31,117,2854,2618,"POPLATEK MESICNE",960819,6554,970129,390096,48,8127.0,"C",40705,"GH",40997958,9397.0,"SIPO"
991,9149,"junior","980701 00:00:00",9457,7637,"OWNER",780926,46,"Nachod","east Bohemia",112709,48,20,7,3,10,73.5,8369,1.79,2.31,117,2854,2618,"POPLATEK MESICNE",960819,6554,970129,390096,48,8127.0,"C",40706,"YZ",40161162,8127.0,"UVER"
1002,9261,"classic","980709 00:00:00",9569,7733,"OWNER",505718,19,"Prachatice","south Bohemia",51428,50,11,3,1,4,52.7,8402,3.13,3.98,120,999,1099,"POPLATEK TYDNE",960708,6571,980512,140064,24,5836.0,"C",40846,"EF",37232846,5836.0,"UVER"
1167,12335,"classic","980718 00:00:00",12643,10280,"OWNER",625720,69,"Jesenik","north Moravia",42821,4,13,5,1,3,48.4,8173,,7.01,124,,1358,"POPLATEK MESICNE",961201,7100,971231,348120,60,5802.0,"C",44634,"EF",13051045,5802.3,"UVER"
623,3984,"classic","980725 00:00:00",3984,3293,"OWNER",645313,1,"Hl.m. Praha","Prague",1204953,0,0,0,1,1,100.0,12541,0.29,0.43,167,85677,99107,"POPLATEK MESICNE",970808,5644,981127,276084,36,7669.0,"C",34277,"AB",78677373,7668.7,"UVER"
623,3984,"classic","980725 00:00:00",3984,3293,"OWNER",645313,1,"Hl.m. Praha","Prague",1204953,0,0,0,1,1,100.0,12541,0.29,0.43,167,85677,99107,"POPLATEK MESICNE",970808,5644,981127,276084,36,7669.0,"C",34278,"MN",12542009,3231.0,"SIPO"
623,3984,"classic","980725 00:00:00",3984,3293,"OWNER",645313,1,"Hl.m. Praha","Prague",1204953,0,0,0,1,1,100.0,12541,0.29,0.43,167,85677,99107,"POPLATEK MESICNE",970808,5644,981127,276084,36,7669.0,"C",34279,"EF",86246293,567.0," "
623,3984,"classic","980725 00:00:00",3984,3293,"OWNER",645313,1,"Hl.m. Praha","Prague",1204953,0,0,0,1,1,100.0,12541,0.29,0.43,167,85677,99107,"POPLATEK MESICNE",970808,5644,981127,276084,36,7669.0,"C",34280,"WX",16846144,58.0,"POJISTNE"
623,3984,"classic","980725 00:00:00",3984,3293,"OWNER",645313,1,"Hl.m. Praha","Prague",1204953,0,0,0,1,1,100.0,12541,0.29,0.43,167,85677,99107,"POPLATEK MESICNE",970808,5644,981127,276084,36,7669.0,"C",34281,"CD",46667754,221.0," "
780,5333,"classic","980729 00:00:00",5333,4423,"OWNER",675529,39,"Most","north Bohemia",119895,17,4,3,2,4,89.9,10446,7.34,9.4,90,4947,4743,"POPLATEK MESICNE",950426,5880,951031,73836,36,2051.0,"A",35899,"GH",47825217,2051.0,"UVER"
780,5333,"classic","980729 00:00:00",5333,4423,"OWNER",675529,39,"Most","north Bohemia",119895,17,4,3,2,4,89.9,10446,7.34,9.4,90,4947,4743,"POPLATEK MESICNE",950426,5880,951031,73836,36,2051.0,"A",35900,"CD",4275078,1277.0,"SIPO"
780,5333,"classic","980729 00:00:00",5333,4423,"OWNER",675529,39,"Most","north Bohemia",119895,17,4,3,2,4,89.9,10446,7.34,9.4,90,4947,4743,"POPLATEK MESICNE",950426,5880,951031,73836,36,2051.0,"A",35901,"QR",21013897,4015.0," "
1155,12088,"classic","980801 00:00:00",12396,10079,"OWNER",705117,62,"Uherske Hradiste","south Moravia",145688,22,41,13,2,5,40.7,8544,1.29,1.86,109,2719,2906,"POPLATEK MESICNE",930506,7055,940406,167100,60,2785.0,"C",44345,"YZ",33228176,2784.8,"UVER"
833,6299,"classic","980801 00:00:00",6299,5213,"OWNER",360809,1,"Hl.m. Praha","Prague",1204953,0,0,0,1,1,100.0,12541,0.29,0.43,167,85677,99107,"POPLATEK MESICNE",950818,6063,960425,320976,48,6687.0,"D",37085,"OP",46268802,6687.0,"UVER"
795,5563,"classic","980802 00:00:00",5563,4616,"OWNER",760101,1,"Hl.m. Praha","Prague",1204953,0,0,0,1,1,100.0,12541,0.29,0.43,167,85677,99107,"POPLATEK MESICNE",970924,5930,980112,66696,24,2779.0,"C",36166,"GH",74167519,2778.7,"UVER"
795,5563,"classic","980802 00:00:00",5563,4616,"OWNER",760101,1,"Hl.m. Praha","Prague",1204953,0,0,0,1,1,100.0,12541,0.29,0.43,167,85677,99107,"POPLATEK MESICNE",970924,5930,980112,66696,24,2779.0,"C",36167,"WX",88828020,12260.0,"SIPO"
1003,9274,"classic","980809 00:00:00",9582,7745,"OWNER",425414,2,"Benesov","central Bohemia",88884,80,26,6,2,5,46.7,8507,1.67,1.85,132,2159,2674,"POPLATEK MESICNE",961129,6574,971220,77544,36,2154.0,"C",40865,"WX",97571604,2153.8,"UVER"
1003,9274,"classic","980809 00:00:00",9582,7745,"OWNER",425414,2,"Benesov","central Bohemia",88884,80,26,6,2,5,46.7,8507,1.67,1.85,132,2159,2674,"POPLATEK MESICNE",961129,6574,971220,77544,36,2154.0,"C",40866,"WX",99381535,10160.0,"SIPO"
951,8392,"classic","980816 00:00:00",8392,6950,"OWNER",665508,36,"Liberec","north Bohemia",159617,29,19,8,1,9,85.2,9198,3.33,4.28,131,5796,6132,"POPLATEK MESICNE",961012,6415,970212,475680,48,9910.0,"C",39689,"ST",88771885,8561.0,"SIPO"
951,8392,"classic","980816 00:00:00",8392,6950,"OWNER",665508,36,"Liberec","north Bohemia",159617,29,19,8,1,9,85.2,9198,3.33,4.28,131,5796,6132,"POPLATEK MESICNE",961012,6415,970212,475680,48,9910.0,"C",39690,"IJ",13666057,9910.0,"UVER"
538,3414,"gold","980820 00:00:00",3414,2824,"OWNER",476017,11,"Praha - zapad","central Bohemia",75637,35,36,9,0,7,36.5,9622,0.45,0.59,154,3475,3529,"POPLATEK MESICNE",931020,5549,940716,50460,60,841.0,"C",33581,"EF",94259202,7289.0,"SIPO"
538,3414,"gold","980820 00:00:00",3414,2824,"OWNER",476017,11,"Praha - zapad","central Bohemia",75637,35,36,9,0,7,36.5,9622,0.45,0.59,154,3475,3529,"POPLATEK MESICNE",931020,5549,940716,50460,60,841.0,"C",33582,"YZ",96265625,841.0,"UVER"
834,6301,"classic","980821 00:00:00",6301,5215,"OWNER",495308,55,"Brno - venkov","south Moravia",157042,49,70,18,0,9,33.9,8743,1.88,2.43,111,3659,3894,"POPLATEK MESICNE",930701,6064,940804,14628,12,1219.0,"A",37087,"KL",58698618,2.0,"SIPO"
834,6301,"classic","980821 00:00:00",6301,5215,"OWNER",495308,55,"Brno - venkov","south Moravia",157042,49,70,18,0,9,33.9,8743,1.88,2.43,111,3659,3894,"POPLATEK MESICNE",930701,6064,940804,14628,12,1219.0,"A",37088,"QR",81640040,5315.0," "
834,6301,"classic","980821 00:00:00",6301,5215,"OWNER",495308,55,"Brno - venkov","south Moravia",157042,49,70,18,0,9,33.9,8743,1.88,2.43,111,3659,3894,"POPLATEK MESICNE",930701,6064,940804,14628,12,1219.0,"A",37089,"KL",3664792,372.0,"POJISTNE"
834,6301,"classic","980821 00:00:00",6301,5215,"OWNER",495308,55,"Brno - venkov","south Moravia",157042,49,70,18,0,9,33.9,8743,1.88,2.43,111,3659,3894,"POPLATEK MESICNE",930701,6064,940804,14628,12,1219.0,"A",37090,"QR",71636765,870.0," "
834,6301,"classic","980821 00:00:00",6301,5215,"OWNER",495308,55,"Brno - venkov","south Moravia",157042,49,70,18,0,9,33.9,8743,1.88,2.43,111,3659,3894,"POPLATEK MESICNE",930701,6064,940804,14628,12,1219.0,"A",37091,"KL",79302054,1219.0,"UVER"
1150,12020,"classic","980825 00:00:00",12328,10022,"OWNER",445408,1,"Hl.m. Praha","Prague",1204953,0,0,0,1,1,100.0,12541,0.29,0.43,167,85677,99107,"POPLATEK MESICNE",970507,7037,980103,218064,48,4543.0,"C",44249,"OP",56197208,4542.7,"UVER"
1150,12020,"classic","980825 00:00:00",12328,10022,"OWNER",445408,1,"Hl.m. Praha","Prague",1204953,0,0,0,1,1,100.0,12541,0.29,0.43,167,85677,99107,"POPLATEK MESICNE",970507,7037,980103,218064,48,4543.0,"C",44250,"MN",25915658,7678.0,"SIPO"
1150,12020,"classic","980825 00:00:00",12328,10022,"OWNER",445408,1,"Hl.m. Praha","Prague",1204953,0,0,0,1,1,100.0,12541,0.29,0.43,167,85677,99107,"POPLATEK MESICNE",970507,7037,980103,218064,48,4543.0,"C",44251,"MN",82763254,4104.0," "
1023,9621,"classic","980830 00:00:00",9929,8038,"OWNER",675719,47,"Pardubice","east Bohemia",162580,83,26,5,1,6,72.8,9538,1.51,1.81,111,6079,5410,"POPLATEK MESICNE",960817,6643,980118,35856,24,1494.0,"C",41332,"AB",66150927,5215.0,"SIPO"
1023,9621,"classic","980830 00:00:00",9929,8038,"OWNER",675719,47,"Pardubice","east Bohemia",162580,83,26,5,1,6,72.8,9538,1.51,1.81,111,6079,5410,"POPLATEK MESICNE",960817,6643,980118,35856,24,1494.0,"C",41333,"QR",85338079,1494.0,"UVER"
1098,11063,"classic","980901 00:00:00",11371,9235,"OWNER",416104,37,"Litomerice","north Bohemia",114006,71,26,6,2,9,62.3,9065,4.46,5.39,123,4147,4166,"POPLATEK MESICNE",950624,6875,970313,83280,48,1735.0,"C",43068,"UV",2864957,1735.0,"UVER"
551,3517,"classic","980903 00:00:00",3517,2910,"OWNER",535624,68,"Frydek - Mistek","north Moravia",228848,15,40,18,2,6,57.2,9893,4.09,4.72,96,5623,5887,"POPLATEK MESICNE",971021,5561,980829,437460,60,7291.0,"C",33702,"UV",32031208,7291.3,"UVER"
551,3517,"classic","980903 00:00:00",3517,2910,"OWNER",535624,68,"Frydek - Mistek","north Moravia",228848,15,40,18,2,6,57.2,9893,4.09,4.72,96,5623,5887,"POPLATEK MESICNE",971021,5561,980829,437460,60,7291.0,"C",33703,"UV",77491187,6778.0,"SIPO"
551,3517,"classic","980903 00:00:00",3517,2910,"OWNER",535624,68,"Frydek - Mistek","north Moravia",228848,15,40,18,2,6,57.2,9893,4.09,4.72,96,5623,5887,"POPLATEK MESICNE",971021,5561,980829,437460,60,7291.0,"C",33704,"OP",4570603,7656.0," "
1195,12787,"gold","980904 00:00:00",13095,10650,"OWNER",500316,76,"Sumperk","north Moravia",127369,31,32,13,2,7,51.2,8369,4.73,5.88,107,3736,2807,"POPLATEK MESICNE",970909,7171,980224,196224,48,4088.0,"C",45221,"QR",49945110,4088.0,"UVER"
1195,12787,"gold","980904 00:00:00",13095,10650,"OWNER",500316,76,"Sumperk","north Moravia",127369,31,32,13,2,7,51.2,8369,4.73,5.88,107,3736,2807,"POPLATEK MESICNE",970909,7171,980224,196224,48,4088.0,"C",45222,"WX",40695470,10356.0,"SIPO"
1154,12070,"classic","980905 00:00:00",12378,10065,"OWNER",465827,76,"Sumperk","north Moravia",127369,31,32,13,2,7,51.2,8369,4.73,5.88,107,3736,2807,"POPLATEK MESICNE",960330,7050,970923,311232,48,6484.0,"C",44328,"CD",54091745,6483.7,"UVER"
151,861,"classic","980916 00:00:00",861,718,"OWNER",565913,1,"Hl.m. Praha","Prague",1204953,0,0,0,1,1,100.0,12541,0.29,0.43,167,85677,99107,"POPLATEK MESICNE",960303,5117,970820,76944,12,6412.0,"A",30450,"KL",3925556,6412.0,"UVER"
151,861,"classic","980916 00:00:00",861,718,"OWNER",565913,1,"Hl.m. Praha","Prague",1204953,0,0,0,1,1,100.0,12541,0.29,0.43,167,85677,99107,"POPLATEK MESICNE",960303,5117,970820,76944,12,6412.0,"A",30451,"KL",22049463,726.0,"SIPO"
151,861,"classic","980916 00:00:00",861,718,"OWNER",565913,1,"Hl.m. Praha","Prague",1204953,0,0,0,1,1,100.0,12541,0.29,0.43,167,85677,99107,"POPLATEK MESICNE",960303,5117,970820,76944,12,6412.0,"A",30452,"QR",9956103,7122.0," "
151,861,"classic","980916 00:00:00",861,718,"OWNER",565913,1,"Hl.m. Praha","Prague",1204953,0,0,0,1,1,100.0,12541,0.29,0.43,167,85677,99107,"POPLATEK MESICNE",960303,5117,970820,76944,12,6412.0,"A",30453,"MN",10620361,6041.0,"POJISTNE"
880,7186,"classic","980917 00:00:00",7186,5944,"OWNER",445601,27,"Plzen - jih","west Bohemia",67298,71,19,10,0,7,43.8,8561,0.65,1.29,110,1029,1127,"POPLATEK MESICNE",970606,6215,980618,78720,48,1640.0,"C",38190,"AB",49417829,4685.0,"SIPO"
880,7186,"classic","980917 00:00:00",7186,5944,"OWNER",445601,27,"Plzen - jih","west Bohemia",67298,71,19,10,0,7,43.8,8561,0.65,1.29,110,1029,1127,"POPLATEK MESICNE",970606,6215,980618,78720,48,1640.0,"C",38191,"AB",50435006,1640.0,"UVER"
389,2489,"gold","980919 00:00:00",2489,2051,"OWNER",755128,64,"Zlin","south Moravia",197099,29,41,10,2,10,74.7,9624,1.6,2.31,145,4484,4265,"POPLATEK TYDNE",951108,5363,970422,293880,60,4898.0,"D",32405,"UV",74274343,4898.2,"UVER"
1024,9622,"classic","980920 00:00:00",9930,8039,"OWNER",720623,9,"Nymburk","central Bohemia",81344,61,23,4,2,6,55.3,8899,3.39,3.97,149,2987,2487,"POPLATEK MESICNE",951217,6644,961020,93600,24,3900.0,"A",41334,"UV",23606485,3900.5,"UVER"
1024,9622,"classic","980920 00:00:00",9930,8039,"OWNER",720623,9,"Nymburk","central Bohemia",81344,61,23,4,2,6,55.3,8899,3.39,3.97,149,2987,2487,"POPLATEK MESICNE",951217,6644,961020,93600,24,3900.0,"A",41335,"AB",63169944,1074.0,"SIPO"
1024,9622,"classic","980920 00:00:00",9930,8039,"OWNER",720623,9,"Nymburk","central Bohemia",81344,61,23,4,2,6,55.3,8899,3.39,3.97,149,2987,2487,"POPLATEK MESICNE",951217,6644,961020,93600,24,3900.0,"A",41336,"MN",52981835,610.0," "
1024,9622,"classic","980920 00:00:00",9930,8039,"OWNER",720623,9,"Nymburk","central Bohemia",81344,61,23,4,2,6,55.3,8899,3.39,3.97,149,2987,2487,"POPLATEK MESICNE",951217,6644,961020,93600,24,3900.0,"A",41337,"IJ",3321844,3231.0,"POJISTNE"
923,7855,"classic","980924 00:00:00",7855,6505,"OWNER",645130,7,"Melnik","central Bohemia",94725,38,28,1,3,6,63.4,9920,2.26,2.87,130,4289,4846,"POPLATEK MESICNE",970913,6321,981008,38496,12,3208.0,"C",39027,"WX",49671936,3207.8,"UVER"
1007,9333,"gold","980925 00:00:00",9641,7795,"OWNER",450126,64,"Zlin","south Moravia",197099,29,41,10,2,10,74.7,9624,1.6,2.31,145,4484,4265,"POPLATEK MESICNE",950105,6585,961029,372120,60,6202.0,"C",40947,"AB",32384473,6202.0,"UVER"
414,2606,"classic","980926 00:00:00",2606,2153,"OWNER",430104,31,"Tachov","west Bohemia",51313,34,12,3,1,4,59.2,8930,3.52,4.2,108,1328,1452,"POPLATEK TYDNE",960107,5388,961128,61560,12,5130.0,"A",32557,"IJ",28541732,5129.5,"UVER"
414,2606,"classic","980926 00:00:00",2606,2153,"OWNER",430104,31,"Tachov","west Bohemia",51313,34,12,3,1,4,59.2,8930,3.52,4.2,108,1328,1452,"POPLATEK TYDNE",960107,5388,961128,61560,12,5130.0,"A",32558,"KL",60141891,1737.0,"SIPO"
414,2606,"classic","980926 00:00:00",2606,2153,"OWNER",430104,31,"Tachov","west Bohemia",51313,34,12,3,1,4,59.2,8930,3.52,4.2,108,1328,1452,"POPLATEK TYDNE",960107,5388,961128,61560,12,5130.0,"A",32559,"CD",79112446,10303.0," "
414,2606,"classic","980926 00:00:00",2606,2153,"OWNER",430104,31,"Tachov","west Bohemia",51313,34,12,3,1,4,59.2,8930,3.52,4.2,108,1328,1452,"POPLATEK TYDNE",960107,5388,961128,61560,12,5130.0,"A",32560,"AB",94730412,2223.0,"POJISTNE"
782,5376,"classic","980929 00:00:00",5376,4456,"OWNER",700123,14,"Ceske Budejovice","south Bohemia",177686,69,27,10,1,9,74.8,10045,1.42,1.71,135,6604,6295,"POPLATEK MESICNE",960903,5889,980209,321240,60,5354.0,"C",35941,"IJ",41103047,5353.5,"UVER"
357,2277,"junior","980929 00:00:00",2277,1876,"OWNER",790325,1,"Hl.m. Praha","Prague",1204953,0,0,0,1,1,100.0,12541,0.29,0.43,167,85677,99107,"POPLATEK MESICNE",970920,5334,980910,209040,24,8710.0,"C",32143,"IJ",65358716,2329.0,"SIPO"
357,2277,"junior","980929 00:00:00",2277,1876,"OWNER",790325,1,"Hl.m. Praha","Prague",1204953,0,0,0,1,1,100.0,12541,0.29,0.43,167,85677,99107,"POPLATEK MESICNE",970920,5334,980910,209040,24,8710.0,"C",32144,"YZ",2049482,723.0," "
357,2277,"junior","980929 00:00:00",2277,1876,"OWNER",790325,1,"Hl.m. Praha","Prague",1204953,0,0,0,1,1,100.0,12541,0.29,0.43,167,85677,99107,"POPLATEK MESICNE",970920,5334,980910,209040,24,8710.0,"C",32145,"EF",57234233,8710.0,"UVER"
956,8502,"classic","980930 00:00:00",8502,7045,"OWNER",430419,51,"Trutnov","east Bohemia",121947,37,28,7,3,11,70.5,8541,2.51,2.97,131,3496,3839,"POPLATEK MESICNE",961226,6435,970616,288720,48,6015.0,"C",39830,"MN",36153978,6015.3,"UVER"
1193,12743,"classic","981001 00:00:00",13051,10613,"OWNER",650113,55,"Brno - venkov","south Moravia",157042,49,70,18,0,9,33.9,8743,1.88,2.43,111,3659,3894,"POPLATEK MESICNE",971104,7164,980815,249792,48,5204.0,"C",45167,"MN",57666522,5204.2,"UVER"
394,2501,"classic","981005 00:00:00",2501,2062,"OWNER",406204,70,"Karvina","north Moravia",285387,0,2,8,5,7,89.9,10177,6.63,7.75,81,9878,10108,"POPLATEK MESICNE",960306,5366,961029,86184,12,7182.0,"A",32427,"QR",97387158,7182.5,"UVER"
394,2501,"classic","981005 00:00:00",2501,2062,"OWNER",406204,70,"Karvina","north Moravia",285387,0,2,8,5,7,89.9,10177,6.63,7.75,81,9878,10108,"POPLATEK MESICNE",960306,5366,961029,86184,12,7182.0,"A",32428,"ST",30643040,107.0,"SIPO"
394,2501,"classic","981005 00:00:00",2501,2062,"OWNER",406204,70,"Karvina","north Moravia",285387,0,2,8,5,7,89.9,10177,6.63,7.75,81,9878,10108,"POPLATEK MESICNE",960306,5366,961029,86184,12,7182.0,"A",32429,"YZ",28156739,3136.0," "
1035,9732,"classic","981011 00:00:00",10040,8127,"OWNER",686030,37,"Litomerice","north Bohemia",114006,71,26,6,2,9,62.3,9065,4.46,5.39,123,4147,4166,"POPLATEK MESICNE",941013,6667,960715,155880,24,6495.0,"A",41468,"AB",15843767,6494.8,"UVER"
1035,9732,"classic","981011 00:00:00",10040,8127,"OWNER",686030,37,"Litomerice","north Bohemia",114006,71,26,6,2,9,62.3,9065,4.46,5.39,123,4147,4166,"POPLATEK MESICNE",941013,6667,960715,155880,24,6495.0,"A",41469,"IJ",10767406,8305.0,"SIPO"
792,5526,"classic","981011 00:00:00",5526,4585,"OWNER",470319,27,"Plzen - jih","west Bohemia",67298,71,19,10,0,7,43.8,8561,0.65,1.29,110,1029,1127,"POPLATEK MESICNE",960608,5923,961010,64656,48,1347.0,"C",36124,"YZ",64408206,4065.0,"SIPO"
792,5526,"classic","981011 00:00:00",5526,4585,"OWNER",470319,27,"Plzen - jih","west Bohemia",67298,71,19,10,0,7,43.8,8561,0.65,1.29,110,1029,1127,"POPLATEK MESICNE",960608,5923,961010,64656,48,1347.0,"C",36125,"GH",3908431,1347.0,"UVER"
53,333,"classic","981013 00:00:00",333,276,"OWNER",711019,38,"Louny","north Bohemia",85852,41,23,4,2,4,59.8,8965,7.08,8.23,104,2653,2822,"POPLATEK MESICNE",971208,5027,981202,160920,36,4470.0,"C",29815,"AB",22070646,4470.5,"UVER"
53,333,"classic","981013 00:00:00",333,276,"OWNER",711019,38,"Louny","north Bohemia",85852,41,23,4,2,4,59.8,8965,7.08,8.23,104,2653,2822,"POPLATEK MESICNE",971208,5027,981202,160920,36,4470.0,"C",29816,"EF",80801391,5212.0,"SIPO"
957,8506,"junior","981016 00:00:00",8506,7049,"OWNER",796225,69,"Jesenik","north Moravia",42821,4,13,5,1,3,48.4,8173,,7.01,124,,1358,"POPLATEK MESICNE",971012,6436,980522,495180,60,8253.0,"C",39835,"GH",52499610,8253.2,"UVER"
60,370,"classic","981018 00:00:00",370,303,"OWNER",565105,71,"Novy Jicin","north Moravia",161227,5,35,11,4,10,69.7,8678,5.93,5.57,102,4980,4595,"POPLATEK MESICNE",960725,5034,980530,112752,36,3132.0,"C",29857,"KL",43664085,3803.0,"SIPO"
60,370,"classic","981018 00:00:00",370,303,"OWNER",565105,71,"Novy Jicin","north Moravia",161227,5,35,11,4,10,69.7,8678,5.93,5.57,102,4980,4595,"POPLATEK MESICNE",960725,5034,980530,112752,36,3132.0,"C",29858,"UV",25709551,3132.0,"UVER"
769,5224,"classic","981020 00:00:00",5224,4337,"OWNER",490724,29,"Rokycany","west Bohemia",45714,52,10,5,1,6,55.6,8843,2.82,3.6,113,818,888,"POPLATEK MESICNE",931116,5861,941208,51408,24,2142.0,"A",35774,"IJ",15837014,2142.0,"UVER"
750,4937,"classic","981024 00:00:00",4937,4099,"OWNER",606109,54,"Brno - mesto","south Moravia",387570,0,0,0,1,1,100.0,9897,1.6,1.96,140,18721,18696,"POPLATEK MESICNE",960526,5808,970731,41856,48,872.0,"C",35433,"AB",31954735,1926.0,"SIPO"
750,4937,"classic","981024 00:00:00",4937,4099,"OWNER",606109,54,"Brno - mesto","south Moravia",387570,0,0,0,1,1,100.0,9897,1.6,1.96,140,18721,18696,"POPLATEK MESICNE",960526,5808,970731,41856,48,872.0,"C",35434,"IJ",40898221,403.0," "
750,4937,"classic","981024 00:00:00",4937,4099,"OWNER",606109,54,"Brno - mesto","south Moravia",387570,0,0,0,1,1,100.0,9897,1.6,1.96,140,18721,18696,"POPLATEK MESICNE",960526,5808,970731,41856,48,872.0,"C",35435,"QR",6660080,1298.0,"POJISTNE"
750,4937,"classic","981024 00:00:00",4937,4099,"OWNER",606109,54,"Brno - mesto","south Moravia",387570,0,0,0,1,1,100.0,9897,1.6,1.96,140,18721,18696,"POPLATEK MESICNE",960526,5808,970731,41856,48,872.0,"C",35436,"GH",75250422,872.0,"UVER"
855,6764,"classic","981024 00:00:00",6764,5602,"OWNER",440412,19,"Prachatice","south Bohemia",51428,50,11,3,1,4,52.7,8402,3.13,3.98,120,999,1099,"POPLATEK PO OBRATU",960710,6147,971228,177504,48,3698.0,"C",37716,"EF",42234236,3697.8,"UVER"
1165,12291,"classic","981108 00:00:00",12599,10243,"OWNER",560101,44,"Chrudim","east Bohemia",105606,77,26,7,2,7,53.0,8254,2.79,3.76,97,2166,2325,"POPLATEK MESICNE",970903,7091,980922,113436,36,3151.0,"C",44578,"GH",33131796,3151.3,"UVER"
820,6039,"classic","981110 00:00:00",6039,4999,"OWNER",585703,1,"Hl.m. Praha","Prague",1204953,0,0,0,1,1,100.0,12541,0.29,0.43,167,85677,99107,"POPLATEK MESICNE",960212,6014,970518,165168,36,4588.0,"C",36754,"GH",95365690,4588.5,"UVER"
820,6039,"classic","981110 00:00:00",6039,4999,"OWNER",585703,1,"Hl.m. Praha","Prague",1204953,0,0,0,1,1,100.0,12541,0.29,0.43,167,85677,99107,"POPLATEK MESICNE",960212,6014,970518,165168,36,4588.0,"C",36755,"WX",20009368,7028.0,"SIPO"
820,6039,"classic","981110 00:00:00",6039,4999,"OWNER",585703,1,"Hl.m. Praha","Prague",1204953,0,0,0,1,1,100.0,12541,0.29,0.43,167,85677,99107,"POPLATEK MESICNE",960212,6014,970518,165168,36,4588.0,"C",36756,"MN",71272724,6327.0," "
773,5245,"classic","981118 00:00:00",5245,4354,"OWNER",425318,38,"Louny","north Bohemia",85852,41,23,4,2,4,59.8,8965,7.08,8.23,104,2653,2822,"POPLATEK MESICNE",970108,5865,981030,327660,60,5461.0,"C",35794,"MN",33371013,5461.3,"UVER"
773,5245,"classic","981118 00:00:00",5245,4354,"OWNER",425318,38,"Louny","north Bohemia",85852,41,23,4,2,4,59.8,8965,7.08,8.23,104,2653,2822,"POPLATEK MESICNE",970108,5865,981030,327660,60,5461.0,"C",35795,"CD",23047155,12756.0,"SIPO"
1001,9247,"classic","981120 00:00:00",9555,7721,"OWNER",475515,13,"Rakovnik","central Bohemia",53921,61,22,1,1,2,41.3,8598,2.77,3.26,123,1597,1875,"POPLATEK MESICNE",970703,6569,980528,45456,12,3788.0,"C",40827,"IJ",35142588,3788.3,"UVER"
1175,12494,"classic","981124 00:00:00",12802,10404,"OWNER",690812,1,"Hl.m. Praha","Prague",1204953,0,0,0,1,1,100.0,12541,0.29,0.43,167,85677,99107,"POPLATEK MESICNE",961230,7129,980301,194280,60,3238.0,"C",44836,"AB",3621232,2171.0,"SIPO"
1175,12494,"classic","981124 00:00:00",12802,10404,"OWNER",690812,1,"Hl.m. Praha","Prague",1204953,0,0,0,1,1,100.0,12541,0.29,0.43,167,85677,99107,"POPLATEK MESICNE",961230,7129,980301,194280,60,3238.0,"C",44837,"AB",74571001,1203.0," "
1175,12494,"classic","981124 00:00:00",12802,10404,"OWNER",690812,1,"Hl.m. Praha","Prague",1204953,0,0,0,1,1,100.0,12541,0.29,0.43,167,85677,99107,"POPLATEK MESICNE",961230,7129,980301,194280,60,3238.0,"C",44838,"AB",21209323,100.0,"POJISTNE"
1175,12494,"classic","981124 00:00:00",12802,10404,"OWNER",690812,1,"Hl.m. Praha","Prague",1204953,0,0,0,1,1,100.0,12541,0.29,0.43,167,85677,99107,"POPLATEK MESICNE",961230,7129,980301,194280,60,3238.0,"C",44839,"UV",60165852,883.0," "
1175,12494,"classic","981124 00:00:00",12802,10404,"OWNER",690812,1,"Hl.m. Praha","Prague",1204953,0,0,0,1,1,100.0,12541,0.29,0.43,167,85677,99107,"POPLATEK MESICNE",961230,7129,980301,194280,60,3238.0,"C",44840,"ST",55139064,3238.0,"UVER"
164,992,"classic","981129 00:00:00",992,825,"OWNER",480521,19,"Prachatice","south Bohemia",51428,50,11,3,1,4,52.7,8402,3.13,3.98,120,999,1099,"POPLATEK MESICNE",960306,5134,970202,53076,12,4423.0,"A",30603,"YZ",35577237,9235.0,"SIPO"
164,992,"classic","981129 00:00:00",992,825,"OWNER",480521,19,"Prachatice","south Bohemia",51428,50,11,3,1,4,52.7,8402,3.13,3.98,120,999,1099,"POPLATEK MESICNE",960306,5134,970202,53076,12,4423.0,"A",30604,"YZ",87110560,4423.0,"UVER"
1169,12354,"classic","981130 00:00:00",12662,10297,"OWNER",530601,14,"Ceske Budejovice","south Bohemia",177686,69,27,10,1,9,74.8,10045,1.42,1.71,135,6604,6295,"POPLATEK MESICNE",960119,7101,961118,421008,48,8771.0,"C",44665,"CD",53796619,9902.0,"SIPO"
1169,12354,"classic","981130 00:00:00",12662,10297,"OWNER",530601,14,"Ceske Budejovice","south Bohemia",177686,69,27,10,1,9,74.8,10045,1.42,1.71,135,6604,6295,"POPLATEK MESICNE",960119,7101,961118,421008,48,8771.0,"C",44666,"WX",2840400,8771.0,"UVER"
1137,11771,"gold","981201 00:00:00",12079,9814,"OWNER",725812,64,"Zlin","south Moravia",197099,29,41,10,2,10,74.7,9624,1.6,2.31,145,4484,4265,"POPLATEK TYDNE",950119,6995,960926,96168,12,8014.0,"A",43945,"QR",6911552,8013.7,"UVER"
819,5978,"gold","981206 00:00:00",5978,4949,"OWNER",445127,33,"Decin","north Bohemia",133777,24,17,7,3,11,84.7,8705,5.75,7.61,116,4650,4859,"POPLATEK MESICNE",961014,6007,970830,289920,48,6040.0,"C",36681,"WX",44724160,6039.8,"UVER"
1177,12535,"gold","981206 00:00:00",12843,10439,"OWNER",530505,66,"Zdar nad Sazavou","south Moravia",125832,151,41,2,3,5,48.3,8512,3.51,4.12,102,2247,2103,"POPLATEK MESICNE",931121,7137,940603,151560,24,6315.0,"A",44899,"AB",78703766,6315.0,"UVER"
1177,12535,"gold","981206 00:00:00",12843,10439,"OWNER",530505,66,"Zdar nad Sazavou","south Moravia",125832,151,41,2,3,5,48.3,8512,3.51,4.12,102,2247,2103,"POPLATEK MESICNE",931121,7137,940603,151560,24,6315.0,"A",44900,"WX",55833750,10134.0,"SIPO"
378,2430,"classic","981211 00:00:00",2430,2000,"OWNER",371028,5,"Kolin","central Bohemia",95616,65,30,4,1,6,51.4,9307,3.85,4.43,118,2616,3040,"POPLATEK MESICNE",970806,5354,980714,290820,60,4847.0,"C",32321,"YZ",79359417,3318.0,"SIPO"
378,2430,"classic","981211 00:00:00",2430,2000,"OWNER",371028,5,"Kolin","central Bohemia",95616,65,30,4,1,6,51.4,9307,3.85,4.43,118,2616,3040,"POPLATEK MESICNE",970806,5354,980714,290820,60,4847.0,"C",32322,"GH",21546656,48.0," "
378,2430,"classic","981211 00:00:00",2430,2000,"OWNER",371028,5,"Kolin","central Bohemia",95616,65,30,4,1,6,51.4,9307,3.85,4.43,118,2616,3040,"POPLATEK MESICNE",970806,5354,980714,290820,60,4847.0,"C",32323,"AB",32802260,14.0,"POJISTNE"
378,2430,"classic","981211 00:00:00",2430,2000,"OWNER",371028,5,"Kolin","central Bohemia",95616,65,30,4,1,6,51.4,9307,3.85,4.43,118,2616,3040,"POPLATEK MESICNE",970806,5354,980714,290820,60,4847.0,"C",32324,"KL",13970154,4847.0,"UVER"
886,7325,"classic","981215 00:00:00",7325,6062,"OWNER",750124,24,"Karlovy Vary","west Bohemia",122603,25,21,6,2,8,80.0,8991,1.39,2.01,128,5198,5273,"POPLATEK MESICNE",960828,6235,980419,321360,60,5356.0,"C",38375,"OP",96754401,5356.0,"UVER"
886,7325,"classic","981215 00:00:00",7325,6062,"OWNER",750124,24,"Karlovy Vary","west Bohemia",122603,25,21,6,2,8,80.0,8991,1.39,2.01,128,5198,5273,"POPLATEK MESICNE",960828,6235,980419,321360,60,5356.0,"C",38376,"KL",65052980,10608.0,"SIPO"
196,1197,"classic","981222 00:00:00",1197,993,"OWNER",666002,6,"Kutna Hora","central Bohemia",77963,60,23,4,2,4,51.5,8546,2.95,4.02,126,2640,3120,"POPLATEK MESICNE",961114,5154,980701,108720,60,1812.0,"C",30847,"WX",89932006,1812.3,"UVER"
829,6255,"classic","981222 00:00:00",6255,5180,"OWNER",465101,54,"Brno - mesto","south Moravia",387570,0,0,0,1,1,100.0,9897,1.6,1.96,140,18721,18696,"POPLATEK MESICNE",970224,6054,980716,58764,12,4897.0,"C",37032,"WX",41377508,4897.0,"UVER"
924,7862,"classic","981224 00:00:00",7862,6510,"OWNER",651017,74,"Ostrava - mesto","north Moravia",323870,0,0,0,1,1,100.0,10673,4.75,5.44,100,18782,18347,"POPLATEK MESICNE",961218,6322,970506,76992,24,3208.0,"C",39032,"EF",50882208,3207.8,"UVER"
1081,10696,"classic","981225 00:00:00",11004,8931,"OWNER",471116,63,"Vyskov","south Moravia",86513,38,36,5,1,5,50.5,8288,3.79,4.52,110,1562,1460,"POPLATEK TYDNE",960101,6793,970130,186300,60,3105.0,"C",42633,"KL",7974166,3104.7,"UVER"
1081,10696,"classic","981225 00:00:00",11004,8931,"OWNER",471116,63,"Vyskov","south Moravia",86513,38,36,5,1,5,50.5,8288,3.79,4.52,110,1562,1460,"POPLATEK TYDNE",960101,6793,970130,186300,60,3105.0,"C",42634,"WX",9704506,1749.0,"SIPO"
1081,10696,"classic","981225 00:00:00",11004,8931,"OWNER",471116,63,"Vyskov","south Moravia",86513,38,36,5,1,5,50.5,8288,3.79,4.52,110,1562,1460,"POPLATEK TYDNE",960101,6793,970130,186300,60,3105.0,"C",42635,"MN",66827905,6294.0," "
322,2063,"classic","981228 00:00:00",2063,1698,"OWNER",505926,68,"Frydek - Mistek","north Moravia",228848,15,40,18,2,6,57.2,9893,4.09,4.72,96,5623,5887,"POPLATEK MESICNE",960314,5301,960706,141948,36,3943.0,"C",31891,"UV",6397009,9642.0,"SIPO"
322,2063,"classic","981228 00:00:00",2063,1698,"OWNER",505926,68,"Frydek - Mistek","north Moravia",228848,15,40,18,2,6,57.2,9893,4.09,4.72,96,5623,5887,"POPLATEK MESICNE",960314,5301,960706,141948,36,3943.0,"C",31892,"CD",30528074,3943.0,"UVER"
