0;29.0;29.0;28;0.995;1.0
1;16.0;22.5;15;0.990025;1.0
2;10.0;18.333333333333332;9;0.985074875;1.0
3;21.0;19.0;20;0.9801495006250001;1.0
4;24.0;20.0;23;0.9752487531218751;1.0
5;13.0;18.833333333333332;12;0.9703725093562657;1.0
6;20.0;19.0;19;0.9655206468094844;1.0
7;43.0;22.0;42;0.960693043575437;1.0
8;25.0;22.333333333333332;24;0.9558895783575597;1.0
9;10.0;21.1;9;0.9511101304657719;1.0
10;13.0;20.363636363636363;12;0.946354579813443;1.0
11;35.0;21.583333333333332;34;0.9416228069143757;1.0
12;44.0;23.307692307692307;43;0.9369146928798039;1.0
13;20.0;23.071428571428573;19;0.9322301194154049;1.0
14;27.0;23.333333333333332;26;0.9275689688183278;1.0
15;14.0;22.75;13;0.9229311239742362;1.0
16;24.0;22.823529411764707;23;0.918316468354365;1.0
17;12.0;22.22222222222222;11;0.9137248860125932;1.0
18;10.0;21.57894736842105;9;0.9091562615825302;1.0
19;27.0;21.85;26;0.9046104802746175;1.0
20;27.0;22.095238095238095;26;0.9000874278732445;1.0
21;11.0;21.59090909090909;10;0.8955869907338783;1.0
22;9.0;21.043478260869566;8;0.8911090557802088;1.0
23;18.0;20.916666666666668;17;0.8866535105013078;1.0
24;23.0;21.0;22;0.8822202429488013;1.0
25;25.0;21.153846153846153;24;0.8778091417340573;1.0
26;16.0;20.962962962962962;15;0.8734200960253871;1.0
27;26.0;21.142857142857142;25;0.8690529955452602;1.0
28;10.0;20.75862068965517;9;0.8647077305675338;1.0
29;16.0;20.6;15;0.8603841919146962;1.0
30;27.0;20.806451612903224;26;0.8560822709551227;1.0
31;15.0;20.625;14;0.851801859600347;1.0
32;18.0;20.545454545454547;17;0.8475428503023453;1.0
33;32.0;20.88235294117647;31;0.8433051360508336;1.0
34;39.0;21.4;38;0.8390886103705794;1.0
35;14.0;21.194444444444443;13;0.8348931673187264;1.0
36;24.0;21.27027027027027;23;0.8307187014821328;1.0
37;40.0;21.763157894736842;39;0.8265651079747222;1.0
38;18.0;21.666666666666668;17;0.8224322824348486;1.0
39;12.0;21.425;11;0.8183201210226743;1.0
40;13.0;21.21951219512195;12;0.8142285204175609;1.0
41;46.0;21.80952380952381;45;0.810157377815473;1.0
42;17.0;21.697674418604652;16;0.8061065909263957;1.0
43;21.0;21.681818181818183;20;0.8020760579717637;1.0
44;19.0;21.622222222222224;18;0.798065677681905;1.0
45;25.0;21.695652173913043;24;0.7940753492934954;1.0
46;25.0;21.76595744680851;24;0.7901049725470279;1.0
47;20.0;21.729166666666668;19;0.7861544476842928;1.0
48;21.0;21.714285714285715;20;0.7822236754458713;1.0
49;22.0;21.72;21;0.778312557068642;1.0
50;22.0;21.725490196078432;21;0.7744209942832988;1.0
51;20.0;21.692307692307693;19;0.7705488893118823;1.0
52;10.0;21.471698113207548;9;0.7666961448653229;1.0
53;32.0;21.666666666666668;31;0.7628626641409962;1.0
54;13.0;21.509090909090908;12;0.7590483508202912;1.0
55;34.0;21.732142857142858;33;0.7552531090661897;1.0
56;40.0;22.05263157894737;39;0.7514768435208588;1.0
57;82.0;23.086206896551722;81;0.7477194593032545;1.0
58;30.0;23.203389830508474;29;0.7439808620067382;1.0
59;54.0;23.716666666666665;53;0.7402609576967045;1.0
60;66.0;24.40983606557377;65;0.736559652908221;1.0
61;19.0;24.322580645161292;18;0.7328768546436799;1.0
62;14.0;24.158730158730158;13;0.7292124703704616;1.0
63;19.0;24.078125;18;0.7255664080186093;1.0
64;22.0;24.046153846153846;21;0.7219385759785162;1.0
65;88.0;25.015151515151516;87;0.7183288830986236;1.0
66;19.0;24.925373134328357;18;0.7147372386831305;1.0
67;29.0;24.985294117647058;28;0.7111635524897149;1.0
68;33.0;25.10144927536232;32;0.7076077347272662;1.0
69;41.0;25.32857142857143;40;0.7040696960536299;1.0
70;15.0;25.183098591549296;14;0.7005493475733617;1.0
71;44.0;25.444444444444443;43;0.697046600835495;1.0
72;24.0;25.424657534246574;23;0.6935613678313175;1.0
73;21.0;25.364864864864863;20;0.6900935609921609;1.0
74;79.0;26.08;78;0.6866430931872001;1.0
75;29.0;26.11842105263158;28;0.6832098777212641;1.0
76;21.0;26.051948051948052;20;0.6797938283326578;1.0
77;56.0;26.435897435897434;55;0.6763948591909945;1.0
78;46.0;26.68354430379747;45;0.6730128848950395;1.0
79;41.0;26.8625;40;0.6696478204705644;1.0
80;34.0;26.950617283950617;33;0.6662995813682115;1.0
81;143.0;28.365853658536587;142;0.6629680834613705;1.0
82;43.0;28.542168674698797;42;0.6596532430440636;1.0
83;42.0;28.702380952380953;41;0.6563549768288433;1.0
84;33.0;28.75294117647059;32;0.653073201944699;1.0
85;71.0;29.24418604651163;70;0.6498078359349755;1.0
86;37.0;29.333333333333332;36;0.6465587967553006;1.0
87;25.0;29.28409090909091;24;0.6433260027715241;1.0
88;32.0;29.314606741573034;31;0.6401093727576664;1.0
89;20.0;29.211111111111112;19;0.6369088258938781;1.0
90;106.0;30.054945054945055;105;0.6337242817644086;1.0
91;67.0;30.456521739130434;66;0.6305556603555866;1.0
92;69.0;30.870967741935484;68;0.6274028820538087;1.0
93;46.0;31.03191489361702;45;0.6242658676435396;1.0
94;46.0;31.189473684210526;45;0.6211445383053219;1.0
95;27.0;31.145833333333332;26;0.6180388156137953;1.0
96;120.0;32.06185567010309;119;0.6149486215357263;1.0
97;72.0;32.46938775510204;71;0.6118738784280476;1.0
98;72.0;32.86868686868687;71;0.6088145090359074;1.0
99;210.0;34.64;209;0.6057704364907278;1.0
100;110.0;35.45;109;0.6027415843082742;1.0
101;44.0;35.73;43;0.5997278763867329;1.0
102;59.0;36.22;58;0.5967292370047992;1.0
103;65.0;36.66;64;0.5937455908197752;1.0
104;23.0;36.65;22;0.5907768628656763;1.0
105;31.0;36.83;30;0.5878229785513479;1.0
106;18.0;36.81;17;0.5848838636585911;1.0
107;48.0;36.86;47;0.5819594443402982;1.0
108;19.0;36.8;18;0.5790496471185967;1.0
109;282.0;39.52;281;0.5761543988830038;1.0
110;136.0;40.75;135;0.5732736268885887;1.0
111;82.0;41.22;81;0.5704072587541458;1.0
112;63.0;41.41;62;0.567555222460375;1.0
113;253.0;43.74;252;0.5647174463480732;1.0
114;192.0;45.39;191;0.5618938591163328;1.0
115;77.0;46.02;76;0.5590843898207511;1.0
116;88.0;46.66;87;0.5562889678716474;1.0
117;284.0;49.38;283;0.5535075230322891;1.0
118;125.0;50.53;124;0.5507399854171277;1.0
119;57.0;50.83;56;0.547986285490042;1.0
120;126.0;51.82;125;0.5452463540625918;1.0
121;192.0;53.63;191;0.5425201222922789;1.0
122;173.0;55.27;172;0.5398075216808175;1.0
123;245.0;57.54;244;0.5371084840724134;1.0
124;16.0;57.47;15;0.5344229416520513;1.0
125;167.0;58.89;166;0.531750826943791;1.0
126;224.0;60.97;223;0.5290920728090721;1.0
127;23.0;60.94;22;0.5264466124450268;1.0
128;138.0;62.22;137;0.5238143793828016;1.0
129;112.0;63.18;111;0.5211953074858876;1.0
130;173.0;64.64;172;0.5185893309484582;1.0
131;43.0;64.92;42;0.5159963842937159;1.0
132;180.0;66.54;179;0.5134164023722473;1.0
133;23.0;66.45;22;0.510849320360386;1.0
134;113.0;67.19;112;0.5082950737585841;1.0
135;17.0;67.22;16;0.5057535983897912;1.0
136;39.0;67.37;38;0.5032248303978422;1.0
137;35.0;67.32;34;0.500708706245853;1.0
138;59.0;67.73;58;0.4982051627146237;1.0
139;74.0;68.35;73;0.49571413690105054;1.0
140;160.0;69.82;159;0.4932355662165453;1.0
141;23.0;69.59;22;0.4907693883854626;1.0
142;209.0;71.51;208;0.4883155414435353;1.0
143;256.0;73.86;255;0.4858739637363176;1.0
144;49.0;74.16;48;0.483444593917636;1.0
145;128.0;75.19;127;0.4810273709480478;1.0
146;215.0;77.09;214;0.47862223409330756;1.0
147;15.0;77.04;14;0.47622912292284103;1.0
148;62.0;77.45;61;0.4738479773082268;1.0
149;326.0;80.49;325;0.47147873742168567;1.0
150;42.0;80.69;41;0.46912134373457726;1.0
151;317.0;83.66;316;0.46677573701590436;1.0
152;247.0;86.03;246;0.46444185833082485;1.0
153;189.0;87.6;188;0.46211964903917074;1.0
154;48.0;87.95;47;0.4598090507939749;1.0
155;178.0;89.39;177;0.457510005540005;1.0
156;249.0;91.48;248;0.45522245551230495;1.0
157;14.0;90.8;13;0.4529463432347434;1.0
158;160.0;92.1;159;0.4506816115185697;1.0
159;242.0;93.98;241;0.4484282034609769;1.0
160;79.0;94.11;78;0.446186062443672;1.0
161;133.0;95.25;132;0.4439551321314536;1.0
162;275.0;97.86;274;0.4417353564707963;1.0
163;172.0;99.39;171;0.43952667968844233;1.0
164;94.0;100.11;93;0.43732904629000013;1.0
165;57.0;99.8;56;0.4351424010585501;1.0
166;20.0;99.81;19;0.43296668905325736;1.0
167;202.0;101.54;201;0.43080185560799106;1.0
168;194.0;103.15;193;0.4286478463299511;1.0
169;47.0;103.21;46;0.42650460709830135;1.0
170;167.0;104.73;166;0.42437208406280985;1.0
171;184.0;106.13;183;0.4222502236424958;1.0
172;226.0;108.15;225;0.42013897252428334;1.0
173;193.0;109.87;192;0.4180382776616619;1.0
174;201.0;111.09;200;0.4159480862733536;1.0
175;149.0;112.29;148;0.41386834584198684;1.0
176;167.0;113.75;166;0.4117990041127769;1.0
177;58.0;113.77;57;0.40974000909221303;1.0
178;333.0;116.64;332;0.40769130904675194;1.0
179;178.0;118.01;177;0.40565285250151817;1.0
180;118.0;118.85;117;0.4036245882390106;1.0
181;181.0;119.23;180;0.4016064652978155;1.0
182;226.0;121.06;225;0.3995984329713264;1.0
183;156.0;122.2;155;0.3976004408064698;1.0
184;218.0;124.05;217;0.39561243860243744;1.0
185;172.0;125.06;171;0.3936343764094253;1.0
186;59.0;125.28;58;0.39166620452737816;1.0
187;202.0;127.05;201;0.3897078735047413;1.0
188;204.0;128.77;203;0.3877593341372176;1.0
189;189.0;130.46;188;0.3858205374665315;1.0
190;82.0;130.22;81;0.38389143477919885;1.0
191;183.0;131.38;182;0.3819719776053028;1.0
192;159.0;132.28;158;0.3800621177172763;1.0
193;173.0;133.55;172;0.37816180712868996;1.0
194;153.0;134.62;152;0.37627099809304654;1.0
195;150.0;135.85;149;0.3743896431025813;1.0
196;107.0;135.72;106;0.37251769488706843;1.0
197;137.0;136.37;136;0.3706551064126331;1.0
198;146.0;137.11;145;0.36880183088056995;1.0
199;140.0;136.41;139;0.3669578217261671;1.0
200;178.0;137.09;177;0.36512303261753626;1.0
201;137.0;138.02;136;0.3632974174544486;1.0
202;174.0;139.17;173;0.3614809303671764;1.0
203;213.0;140.65;212;0.3596735257153405;1.0
204;155.0;141.97;154;0.3578751580867638;1.0
205;164.0;143.3;163;0.35608578229633;1.0
206;154.0;144.66;153;0.3543053533848483;1.0
207;54.0;144.72;53;0.35253382661792404;1.0
208;42.0;144.95;41;0.3507711574848344;1.0
209;198.0;144.11;197;0.34901730169741024;1.0
210;132.0;144.07;131;0.3472722151889232;1.0
211;144.0;144.69;143;0.3455358541129786;1.0
212;163.0;145.69;162;0.3438081748424137;1.0
213;170.0;144.86;169;0.3420891339682016;1.0
214;160.0;144.54;159;0.3403786882983606;1.0
215;13.0;143.9;12;0.3386767948568688;1.0
216;194.0;144.96;193;0.33698341088258443;1.0
217;152.0;143.64;151;0.3352984938281715;1.0
218;160.0;143.99;159;0.33362200135903064;1.0
219;161.0;145.03;160;0.33195389135223546;1.0
220;66.0;144.43;65;0.3302941218954743;1.0
221;150.0;144.01;149;0.32864265128599696;1.0
222;199.0;144.27;198;0.326999438029567;1.0
223;172.0;143.54;171;0.3253644408394192;1.0
224;147.0;144.85;146;0.3237376186352221;1.0
225;170.0;144.88;169;0.322118930542046;1.0
226;204.0;144.68;203;0.32050833588933575;1.0
227;147.0;145.92;146;0.31890579420988907;1.0
228;154.0;146.08;153;0.3173112652388396;1.0
229;195.0;146.91;194;0.3157247089126454;1.0
230;154.0;146.72;153;0.3141460853680822;1.0
231;144.0;147.73;143;0.3125753549412418;1.0
232;153.0;147.46;152;0.31101247816653554;1.0
233;146.0;148.69;145;0.30945741577570285;1.0
234;163.0;149.19;162;0.3079101286968243;1.0
235;151.0;150.53;150;0.3063705780533402;1.0
236;123.0;151.37;122;0.30483872516307353;1.0
237;77.0;151.79;76;0.3033145315372582;1.0
238;138.0;152.58;137;0.3017979588795719;1.0
239;140.0;153.24;139;0.30028896908517405;1.0
240;151.0;153.15;150;0.2987875242397482;1.0
241;143.0;154.35;142;0.29729358661854943;1.0
242;158.0;153.84;157;0.29580711868545667;1.0
243;43.0;151.71;42;0.2943280830920294;1.0
244;136.0;152.58;135;0.29285644267656924;1.0
245;151.0;152.81;150;0.2913921604631864;1.0
246;148.0;152.14;147;0.28993519966087045;1.0
247;142.0;153.41;141;0.2884855236625661;1.0
248;79.0;153.58;78;0.28704309604425327;1.0
249;146.0;151.78;145;0.285607880564032;1.0
250;136.0;152.72;135;0.28417984116121187;1.0
251;131.0;150.86;130;0.2827589419554058;1.0
252;146.0;149.85;145;0.28134514724562876;1.0
253;37.0;148.33;36;0.2799384215094006;1.0
254;169.0;149.54;168;0.27853872940185365;1.0
255;118.0;148.94;117;0.27714603575484437;1.0
256;143.0;147.88;142;0.2757603055760701;1.0
257;159.0;149.33;158;0.2743815040481898;1.0
258;169.0;149.42;168;0.2730095965279488;1.0
259;167.0;148.67;166;0.27164454854530906;1.0
260;186.0;149.74;185;0.2702863258025825;1.0
261;135.0;149.76;134;0.2689348941735696;1.0
262;90.0;147.91;89;0.26759021970270175;1.0
263;194.0;148.13;193;0.2662522686041882;1.0
264;245.0;149.64;244;0.2649210072611673;1.0
265;171.0;150.78;170;0.26359640222486147;1.0
266;141.0;151.99;140;0.26227842021373715;1.0
267;191.0;151.88;190;0.2609670281126685;1.0
268;132.0;151.26;131;0.25966219297210513;1.0
269;187.0;152.66;186;0.2583638820072446;1.0
270;74.0;151.73;73;0.2570720625972084;1.0
271;153.0;151.42;152;0.25578670228422234;1.0
272;114.0;150.3;113;0.25450776877280124;1.0
273;112.0;149.49;111;0.2532352299289372;1.0
274;113.0;148.61;112;0.2519690537792925;1.0
275;150.0;148.62;149;0.2507092085103961;1.0
276;53.0;147.48;52;0.2494556624678441;1.0
277;170.0;148.6;169;0.24820838415550486;1.0
278;194.0;147.21;193;0.24696734223472733;1.0
279;165.0;147.08;164;0.2457325055235537;1.0
280;208.0;147.98;207;0.24450384299593592;1.0
281;213.0;148.3;212;0.24328132378095624;1.0
282;290.0;148.94;289;0.24206491716205145;1.0
283;325.0;150.63;324;0.2408545925762412;1.0
284;81.0;149.26;80;0.23965031961336;1.0
285;500.0;152.54;499;0.2384520680152932;1.0
286;124.0;153.19;123;0.23725980767521673;1.0
287;107.0;152.24;106;0.23607350863684065;1.0
288;274.0;152.94;273;0.23489314109365644;1.0
289;405.0;155.1;404;0.23371867538818816;1.0
290;328.0;157.56;327;0.23255008201124722;1.0
291;488.0;160.61;487;0.231387331601191;1.0
292;474.0;163.76;473;0.23023039494318503;1.0
293;74.0;162.77;73;0.2290792429684691;1.0
294;500.0;166.24;499;0.22793384675362674;1.0
295;500.0;169.74;499;0.22679417751985861;1.0
296;500.0;173.67;499;0.22566020663225933;1.0
297;490.0;177.2;489;0.22453190559909803;1.0
298;500.0;180.74;499;0.22340924607110255;1.0
299;500.0;184.34;499;0.22229219984074702;1.0
300;500.0;187.56;499;0.2211807388415433;1.0
301;500.0;191.19;499;0.22007483514733558;1.0
302;485.0;194.3;484;0.2189744609715989;1.0
303;149.0;193.66;148;0.2178795886667409;1.0
304;500.0;197.11;499;0.2167901907234072;1.0
305;170.0;197.17;169;0.21570623976979014;1.0
306;500.0;200.63;499;0.21462770857094118;1.0
307;386.0;203.95;385;0.21355457002808648;1.0
308;500.0;208.53;499;0.21248679717794605;1.0
309;403.0;210.58;402;0.21142436319205632;1.0
310;499.0;214.25;498;0.21036724137609603;1.0
311;500.0;217.81;499;0.20931540516921554;1.0
312;500.0;221.18;499;0.20826882814336947;1.0
313;360.0;223.08;359;0.20722748400265262;1.0
314;361.0;225.09;360;0.20619134658263935;1.0
315;264.0;227.6;263;0.20516038984972615;1.0
316;243.0;228.09;242;0.2041345879004775;1.0
317;374.0;230.31;373;0.2031139149609751;1.0
318;167.0;230.38;166;0.20209834538617025;1.0
319;189.0;230.66;188;0.2010878536592394;1.0
320;170.0;231.7;169;0.2000824143909432;1.0
321;179.0;231.99;178;0.19908200231898848;1.0
322;211.0;232.11;210;0.19808659230739353;1.0
323;173.0;232.12;172;0.19709615934585656;1.0
324;208.0;232.73;207;0.19611067854912728;1.0
325;500.0;236.03;499;0.19513012515638165;1.0
326;244.0;236.43;243;0.19415447453059972;1.0
327;500.0;239.96;499;0.19318370215794672;1.0
328;147.0;239.89;146;0.192217783647157;1.0
329;255.0;240.49;254;0.1912566947289212;1.0
330;312.0;242.07;311;0.1903004112552766;1.0
331;73.0;241.36;72;0.18934890919900021;1.0
332;299.0;242.82;298;0.18840216465300522;1.0
333;204.0;243.4;203;0.18746015382974018;1.0
334;10.0;241.87;9;0.1865228530605915;1.0
335;195.0;242.31;194;0.18559023879528855;1.0
336;185.0;242.93;184;0.1846622876013121;1.0
337;184.0;244.0;183;0.18373897616330553;1.0
338;107.0;243.69;106;0.182820281282489;1.0
339;137.0;243.66;136;0.18190617987607657;1.0
340;167.0;243.82;166;0.18099664897669618;1.0
341;75.0;243.14;74;0.1800916657318127;1.0
342;108.0;242.64;107;0.17919120740315364;1.0
343;189.0;244.1;188;0.17829525136613786;1.0
344;101.0;243.75;100;0.17740377510930716;1.0
345;72.0;242.96;71;0.17651675623376062;1.0
346;298.0;244.46;297;0.1756341724525918;1.0
347;392.0;246.96;391;0.17475600159032884;1.0
348;200.0;248.17;199;0.17388222158237718;1.0
349;486.0;251.57;485;0.1730128104744653;1.0
350;500.0;255.21;499;0.17214774642209296;1.0
351;154.0;255.44;153;0.1712870076899825;1.0
352;167.0;255.65;166;0.17043057265153258;1.0
353;358.0;258.86;357;0.16957841978827493;1.0
354;170.0;258.87;169;0.16873052768933355;1.0
355;21.0;257.9;20;0.1678868750508869;1.0
356;237.0;258.84;236;0.16704744067563246;1.0
357;263.0;259.88;262;0.1662122034722543;1.0
358;299.0;261.18;298;0.16538114245489302;1.0
359;282.0;262.33;281;0.16455423674261854;1.0
360;203.0;262.5;202;0.16373146555890544;1.0
361;203.0;263.18;202;0.16291280823111093;1.0
362;78.0;263.06;77;0.16209824418995536;1.0
363;140.0;262.52;139;0.16128775296900558;1.0
364;174.0;261.81;173;0.16048131420416054;1.0
365;185.0;261.95;184;0.15967890763313974;1.0
366;196.0;262.5;195;0.15888051309497406;1.0
367;500.0;265.59;499;0.1580861105294992;1.0
368;500.0;269.27;499;0.1572956799768517;1.0
369;276.0;270.16;275;0.15650920157696743;1.0
370;411.0;273.53;410;0.1557266555690826;1.0
371;500.0;277.0;499;0.1549480222912372;1.0
372;500.0;280.86;499;0.15417328217978102;1.0
373;92.0;280.66;91;0.1534024157688821;1.0
374;130.0;280.83;129;0.1526354036900377;1.0
375;500.0;284.33;499;0.1518722266715875;1.0
376;500.0;288.8;499;0.15111286553822956;1.0
377;500.0;292.1;499;0.15035730121053842;1.0
378;500.0;295.16;499;0.14960551470448571;1.0
379;500.0;298.51;499;0.14885748713096328;1.0
380;500.0;301.43;499;0.14811319969530845;1.0
381;421.0;303.51;420;0.1473726336968319;1.0
382;500.0;305.61;499;0.14663577052834775;1.0
383;500.0;307.36;499;0.14590259167570602;1.0
384;500.0;311.55;499;0.1451730787173275;1.0
385;500.0;311.55;499;0.14444721332374086;1.0
386;500.0;315.31;499;0.14372497725712216;1.0
387;500.0;319.24;499;0.14300635237083656;1.0
388;500.0;321.5;499;0.14229132060898236;1.0
389;500.0;322.45;499;0.14157986400593744;1.0
390;500.0;324.17;499;0.14087196468590776;1.0
391;500.0;324.29;499;0.14016760486247823;1.0
392;500.0;324.55;499;0.13946676683816583;1.0
393;500.0;328.81;499;0.138769433003975;1.0
394;500.0;328.81;499;0.13807558583895513;1.0
395;500.0;328.81;499;0.13738520790976036;1.0
396;500.0;328.81;499;0.13669828187021155;1.0
397;441.0;328.32;440;0.13601479046086049;1.0
398;500.0;328.32;499;0.1353347165085562;1.0
399;218.0;325.5;217;0.1346580429260134;1.0
400;500.0;325.5;499;0.13398475271138335;1.0
401;383.0;324.33;382;0.13331482894782642;1.0
402;378.0;323.26;377;0.13264825480308728;1.0
403;177.0;323.54;176;0.13198501352907185;1.0
404;500.0;323.54;499;0.1313250884614265;1.0
405;500.0;326.84;499;0.13066846301911936;1.0
406;388.0;325.72;387;0.13001512070402377;1.0
407;49.0;322.35;48;0.12936504510050365;1.0
408;85.0;318.2;84;0.12871821987500112;1.0
409;306.0;317.23;305;0.12807462877562611;1.0
410;200.0;314.24;199;0.12743425563174798;1.0
411;139.0;310.63;138;0.12679708435358925;1.0
412;421.0;309.84;420;0.1261630989318213;1.0
413;319.0;309.43;318;0.1255322834371622;1.0
414;500.0;310.82;499;0.12490462201997637;1.0
415;39.0;308.57;38;0.1242800989098765;1.0
416;32.0;306.46;31;0.12365869841532712;1.0
417;51.0;303.23;50;0.12304040492325048;1.0
418;153.0;303.09;152;0.12242520289863423;1.0
419;211.0;303.31;210;0.12181307688414106;1.0
420;262.0;304.23;261;0.12120401149972035;1.0
421;168.0;304.12;167;0.12059799144222175;1.0
422;500.0;307.01;499;0.11999500148501063;1.0
423;289.0;308.17;288;0.11939502647758558;1.0
424;101.0;307.1;100;0.11879805134519765;1.0
425;500.0;307.1;499;0.11820406108847166;1.0
426;427.0;308.93;426;0.1176130407830293;1.0
427;500.0;308.93;499;0.11702497557911415;1.0
428;331.0;310.77;330;0.11643985070121858;1.0
429;117.0;309.39;116;0.11585765144771248;1.0
430;393.0;310.2;392;0.11527836319047392;1.0
431;271.0;312.18;270;0.11470197137452155;1.0
432;283.0;312.02;282;0.11412846151764894;1.0
433;188.0;311.86;187;0.1135578192100607;1.0
434;500.0;316.76;499;0.11299003011401039;1.0
435;500.0;319.81;499;0.11242507996344034;1.0
436;500.0;322.96;499;0.11186295456362313;1.0
437;385.0;324.97;384;0.11130363979080501;1.0
438;455.0;328.45;454;0.11074712159185099;1.0
439;55.0;327.63;54;0.11019338598389174;1.0
440;500.0;330.96;499;0.10964241905397228;1.0
441;500.0;335.21;499;0.10909420695870241;1.0
442;500.0;339.13;499;0.1085487359239089;1.0
443;255.0;339.79;254;0.10800599224428936;1.0
444;142.0;340.2;141;0.10746596228306791;1.0
445;500.0;344.48;499;0.10692863247165257;1.0
446;155.0;343.05;154;0.1063939893092943;1.0
447;245.0;341.58;244;0.10586201936274783;1.0
448;36.0;339.94;35;0.10533270926593409;1.0
449;210.0;337.18;209;0.10480604571960442;1.0
450;149.0;333.67;148;0.1042820154910064;1.0
451;180.0;333.93;179;0.10376060541355137;1.0
452;141.0;333.67;140;0.1032418023864836;1.0
453;500.0;335.09;499;0.10272559337455119;1.0
454;336.0;336.75;335;0.10221196540767843;1.0
455;299.0;339.53;298;0.10170090558064004;1.0
456;217.0;339.33;216;0.10119240105273684;1.0
457;196.0;338.66;195;0.10068643904747315;1.0
458;500.0;340.67;499;0.10018300685223579;1.0
459;292.0;340.77;291;0.0996820918179746;1.0
460;500.0;343.74;499;0.09918368135888474;1.0
461;500.0;346.71;499;0.09868776295209031;1.0
462;54.0;346.47;53;0.09819432413732986;1.0
463;500.0;350.07;499;0.09770335251664321;1.0
464;500.0;353.33;499;0.09721483575406;1.0
465;182.0;353.3;181;0.09672876157528969;1.0
466;500.0;356.34;499;0.09624511776741324;1.0
467;500.0;356.34;499;0.09576389217857617;1.0
468;500.0;356.34;499;0.09528507271768329;1.0
469;500.0;358.58;499;0.09480864735409487;1.0
470;500.0;359.47;499;0.0943346041173244;1.0
471;500.0;359.47;499;0.09386293109673778;1.0
472;500.0;359.47;499;0.09339361644125409;1.0
473;500.0;363.55;499;0.09292664835904782;1.0
474;500.0;367.25;499;0.09246201511725258;1.0
475;500.0;367.25;499;0.09199970504166631;1.0
476;500.0;367.25;499;0.09153970651645797;1.0
477;500.0;367.25;499;0.09108200798387568;1.0
478;500.0;367.25;499;0.0906265979439563;1.0
479;24.0;362.49;23;0.09017346495423652;1.0
480;500.0;362.49;499;0.08972259762946533;1.0
481;500.0;363.28;499;0.089273984641318;1.0
482;179.0;360.07;178;0.0888276147181114;1.0
483;179.0;356.86;178;0.08838347664452084;1.0
484;500.0;356.86;499;0.08794155926129824;1.0
485;266.0;354.52;265;0.08750185146499175;1.0
486;201.0;351.53;200;0.08706434220766679;1.0
487;148.0;348.01;147;0.08662902049662846;1.0
488;150.0;344.51;149;0.08619587539414532;1.0
489;188.0;341.39;187;0.08576489601717459;1.0
490;76.0;337.15;75;0.08533607153708872;1.0
491;60.0;332.75;59;0.08490939117940327;1.0
492;500.0;332.75;499;0.08448484422350626;1.0
493;496.0;332.71;495;0.08406242000238873;1.0
494;65.0;328.36;64;0.08364210790237678;1.0
495;69.0;324.05;68;0.0832238973628649;1.0
496;212.0;321.17;211;0.08280777787605056;1.0
497;500.0;321.76;499;0.08239373898667031;1.0
498;500.0;321.76;499;0.08198177029173696;1.0
499;123.0;320.81;122;0.08157186144027828;1.0
500;497.0;320.78;496;0.0811640021330769;1.0
501;144.0;318.39;143;0.08075818212241151;1.0
502;13.0;314.74;12;0.08035439121179945;1.0
503;500.0;317.97;499;0.07995261925574046;1.0
504;15.0;313.12;14;0.07955285615946175;1.0
505;500.0;313.12;499;0.07915509187866444;1.0
506;500.0;314.24;499;0.07875931641927113;1.0
507;146.0;315.21;145;0.07836551983717477;1.0
508;500.0;319.36;499;0.07797369223798889;1.0
509;408.0;320.38;407;0.07758382377679894;1.0
510;500.0;323.38;499;0.07719590465791494;1.0
511;500.0;326.99;499;0.07680992513462537;1.0
512;500.0;327.78;499;0.07642587550895225;1.0
513;500.0;329.59;499;0.07604374613140748;1.0
514;500.0;329.59;499;0.07566352740075044;1.0
515;500.0;334.2;499;0.07528520976374668;1.0
516;16.0;334.04;15;0.07490878371492794;1.0
517;339.0;336.92;338;0.0745342397963533;1.0
518;500.0;340.39;499;0.07416156859737154;1.0
519;500.0;343.28;499;0.07379076075438468;1.0
520;500.0;345.66;499;0.07342180695061275;1.0
521;500.0;348.98;499;0.07305469791585968;1.0
522;500.0;348.98;499;0.07268942442628039;1.0
523;500.0;351.09;499;0.07232597730414898;1.0
524;500.0;355.08;499;0.07196434741762824;1.0
525;437.0;354.45;436;0.0716045256805401;1.0
526;500.0;355.18;499;0.0712465030521374;1.0
527;500.0;355.18;499;0.0708902705368767;1.0
528;500.0;356.87;499;0.07053581918419231;1.0
529;500.0;360.7;499;0.07018314008827135;1.0
530;500.0;361.77;499;0.06983222438783;1.0
531;500.0;364.06;499;0.06948306326589085;1.0
532;275.0;363.98;274;0.0691356479495614;1.0
533;500.0;367.1;499;0.06878996970981359;1.0
534;175.0;363.85;174;0.06844601986126451;1.0
535;500.0;363.85;499;0.06810378976195819;1.0
536;213.0;360.98;212;0.0677632708131484;1.0
537;152.0;358.65;151;0.06742445445908266;1.0
538;112.0;355.22;111;0.06708733218678724;1.0
539;131.0;355.98;130;0.0667518955258533;1.0
540;500.0;355.98;499;0.06641813604822402;1.0
541;201.0;352.99;200;0.0660860453679829;1.0
542;500.0;352.99;499;0.06575561514114299;1.0
543;188.0;352.32;187;0.06542683706543727;1.0
544;157.0;352.47;156;0.06509970288011008;1.0
545;378.0;351.25;377;0.06477420436570952;1.0
546;500.0;354.7;499;0.06445033334388098;1.0
547;500.0;357.25;499;0.06412808167716157;1.0
548;500.0;361.89;499;0.06380744126877576;1.0
549;500.0;364.79;499;0.06348840406243188;1.0
550;500.0;368.3;499;0.06317096204211972;1.0
551;500.0;371.5;499;0.06285510723190912;1.0
552;500.0;375.09;499;0.06254083169574957;1.0
553;500.0;375.09;499;0.062228127537270826;1.0
554;500.0;376.73;499;0.06191698689958447;1.0
555;500.0;378.74;499;0.061607401965086545;1.0
556;500.0;381.57;499;0.06129936495526111;1.0
557;500.0;384.61;499;0.0609928681304848;1.0
558;500.0;384.61;499;0.060687903789832374;1.0
559;500.0;386.69;499;0.06038446427088321;1.0
560;500.0;386.69;499;0.06008254194952879;1.0
561;500.0;386.69;499;0.05978212923978115;1.0
562;12.0;386.27;11;0.05948321859358224;1.0
563;500.0;386.27;499;0.05918580250061433;1.0
564;500.0;386.27;499;0.058889873488111255;1.0
565;500.0;389.45;499;0.058595424120670696;1.0
566;500.0;389.45;499;0.05830244700006734;1.0
567;500.0;389.45;499;0.058010934765067;1.0
568;500.0;389.45;499;0.05772088009124167;1.0
569;470.0;389.15;469;0.05743227569078546;1.0
570;500.0;389.15;499;0.05714511431233153;1.0
571;500.0;389.15;499;0.05685938874076987;1.0
572;500.0;389.15;499;0.056575091797066025;1.0
573;55.0;384.7;54;0.056292216338080694;1.0
574;500.0;384.7;499;0.05601075525639029;1.0
575;500.0;384.7;499;0.05573070148010834;1.0
576;500.0;384.7;499;0.0554520479727078;1.0
577;500.0;384.7;499;0.05517478773284426;1.0
578;500.0;384.7;499;0.05489891379418004;1.0
579;500.0;389.46;499;0.05462441922520914;1.0
580;500.0;389.46;499;0.0543512971290831;1.0
581;500.0;389.46;499;0.05407954064343768;1.0
582;500.0;392.67;499;0.05380914294022049;1.0
583;500.0;395.88;499;0.05354009722551939;1.0
584;500.0;395.88;499;0.05327239673939179;1.0
585;500.0;398.22;499;0.053006034755694834;1.0
586;500.0;401.21;499;0.052741004581916356;1.0
587;500.0;404.73;499;0.052477299559006776;1.0
588;87.0;404.1;86;0.052214913061211746;1.0
589;500.0;407.22;499;0.05195383849590569;1.0
590;423.0;410.69;422;0.05169406930342616;1.0
591;437.0;414.46;436;0.05143559895690903;1.0
592;500.0;414.46;499;0.051178420962124486;1.0
593;500.0;414.5;499;0.05092252885731386;1.0
594;500.0;418.85;499;0.05066791621302729;1.0
595;500.0;423.16;499;0.05041457663196215;1.0
596;425.0;425.29;424;0.050162503748802344;1.0
597;500.0;425.29;499;0.049911691230058335;1.0
598;500.0;425.29;499;0.04966213277390804;1.0
599;500.0;429.06;499;0.0494138221100385;1.0
600;500.0;429.09;499;0.04916675299948831;1.0
601;500.0;432.65;499;0.04892091923449087;1.0
602;500.0;437.52;499;0.04867631463831842;1.0
603;500.0;437.52;499;0.048432933065126825;1.0
604;500.0;442.37;499;0.048190768399801194;1.0
605;500.0;442.37;499;0.04794981455780219;1.0
606;500.0;442.37;499;0.04771006548501318;1.0
607;500.0;445.91;499;0.047471515157588115;1.0
608;500.0;445.91;499;0.047234157581800176;1.0
609;500.0;446.83;499;0.046997986793891174;1.0
610;483.0;446.66;482;0.04676299685992172;1.0
611;500.0;446.66;499;0.04652918187562211;1.0
612;500.0;446.66;499;0.046296535966244;1.0
613;500.0;446.66;499;0.046065053286412784;1.0
614;500.0;446.66;499;0.04583472801998072;1.0
615;500.0;446.66;499;0.045605554379880814;1.0
616;500.0;451.5;499;0.04537752660798141;1.0
617;500.0;453.11;499;0.0451506389749415;1.0
618;500.0;453.11;499;0.044924885780066794;1.0
619;500.0;453.11;499;0.04470026135116646;1.0
620;500.0;453.11;499;0.04447676004441063;1.0
621;500.0;453.11;499;0.04425437624418858;1.0
622;500.0;453.11;499;0.04403310436296763;1.0
623;500.0;453.11;499;0.043812938841152796;1.0
624;500.0;453.11;499;0.04359387414694703;1.0
625;500.0;453.74;499;0.043375904776212296;1.0
626;237.0;451.11;236;0.043159025252331236;1.0
627;202.0;448.13;201;0.04294323012606958;1.0
628;188.0;445.01;187;0.04272851397543923;1.0
629;500.0;445.01;499;0.04251487140556204;1.0
630;500.0;445.01;499;0.04230229704853423;1.0
631;366.0;443.67;365;0.04209078556329156;1.0
632;75.0;441.67;74;0.0418803316354751;1.0
633;500.0;441.67;499;0.041670929977297724;1.0
634;500.0;444.92;499;0.04146257532741124;1.0
635;500.0;444.92;499;0.04125526245077418;1.0
636;101.0;443.8;100;0.04104898613852031;1.0
637;500.0;447.28;499;0.04084374120782771;1.0
638;500.0;451.16;499;0.04063952250178857;1.0
639;500.0;454.85;499;0.04043632488927963;1.0
640;500.0;454.85;499;0.04023414326483323;1.0
641;178.0;454.62;177;0.040032972548509065;1.0
642;128.0;450.9;127;0.03983280768576652;1.0
643;149.0;450.51;148;0.03963364364733769;1.0
644;463.0;453.57;462;0.039435475429100995;1.0
645;500.0;454.79;499;0.03923829805195549;1.0
646;360.0;453.39;359;0.03904210656169572;1.0
647;130.0;449.69;129;0.03884689602888724;1.0
648;168.0;446.37;167;0.0386526615487428;1.0
649;115.0;442.52;114;0.03845939824099909;1.0
650;203.0;439.55;202;0.03826710124979409;1.0
651;51.0;435.06;50;0.038075765743545126;1.0
652;500.0;435.06;499;0.0378853869148274;1.0
653;83.0;430.89;82;0.03769595998025326;1.0
654;172.0;427.61;171;0.03750748018035199;1.0
655;16.0;422.77;15;0.037319942779450235;1.0
656;42.0;418.19;41;0.037133343065552986;1.0
657;428.0;417.47;427;0.03694767635022522;1.0
658;124.0;413.71;123;0.036762937968474095;1.0
659;118.0;409.89;117;0.03657912327863173;1.0
660;126.0;406.15;125;0.036396227662238566;1.0
661;165.0;402.8;164;0.03621424652392737;1.0
662;131.0;403.99;130;0.036033175291307735;1.0
663;70.0;399.69;69;0.03585300941485119;1.0
664;500.0;399.69;499;0.035673744367776934;1.0
665;128.0;395.97;127;0.03549537564593805;1.0
666;120.0;392.17;119;0.035317898767708356;1.0
667;154.0;388.71;153;0.03514130927386981;1.0
668;148.0;385.19;147;0.03496560272750046;1.0
669;172.0;382.21;171;0.03479077471386296;1.0
670;322.0;380.43;321;0.03461682084029365;1.0
671;141.0;376.84;140;0.034443736736092176;1.0
672;500.0;376.84;499;0.034271518052411715;1.0
673;444.0;380.73;443;0.034100160462149656;1.0
674;500.0;380.73;499;0.03392965965983891;1.0
675;500.0;380.73;499;0.033760011361539714;1.0
676;500.0;380.73;499;0.03359121130473201;1.0
677;162.0;377.35;161;0.033423255248208356;1.0
678;457.0;376.92;456;0.03325613897196732;1.0
679;500.0;376.92;499;0.03308985827710748;1.0
680;500.0;376.92;499;0.032924408985721944;1.0
681;360.0;375.52;359;0.03275978694079333;1.0
682;500.0;375.52;499;0.032595988006089364;1.0
683;322.0;373.74;321;0.032433008066058915;1.0
684;377.0;372.51;376;0.03227084302572862;1.0
685;500.0;372.51;499;0.032109488810599975;1.0
686;500.0;372.51;499;0.031948941366546975;1.0
687;500.0;372.51;499;0.03178919665971424;1.0
688;500.0;376.64;499;0.03163025067641567;1.0
689;500.0;376.64;499;0.03147209942303359;1.0
690;500.0;377.41;499;0.03131473892591842;1.0
691;500.0;378.04;499;0.031158165231288826;1.0
692;500.0;378.04;499;0.03100237440513238;1.0
693;500.0;378.04;499;0.030847362533106718;1.0
694;219.0;375.23;218;0.030693125720441184;1.0
695;500.0;375.23;499;0.030539660091838977;1.0
696;500.0;375.98;499;0.03038696179137978;1.0
697;231.0;373.29;230;0.030235026982422884;1.0
698;500.0;373.29;499;0.030083851847510768;1.0
699;500.0;373.29;499;0.029933432588273214;1.0
700;500.0;373.29;499;0.029783765425331846;1.0
701;500.0;373.29;499;0.029634846598205186;1.0
702;108.0;369.37;107;0.02948667236521416;1.0
703;39.0;364.76;38;0.029339239003388088;1.0
704;500.0;364.76;499;0.029192542808371146;1.0
705;500.0;364.76;499;0.02904658009432929;1.0
706;500.0;364.76;499;0.028901347193857643;1.0
707;444.0;364.2;443;0.028756840457888354;1.0
708;500.0;364.2;499;0.02861305625559891;1.0
709;500.0;364.2;499;0.028469990974320916;1.0
710;500.0;364.37;499;0.02832764101944931;1.0
711;24.0;359.61;23;0.028186002814352063;1.0
712;500.0;359.61;499;0.0280450728002803;1.0
713;500.0;359.61;499;0.0279048474362789;1.0
714;500.0;359.61;499;0.027765323199097504;1.0
715;500.0;359.61;499;0.027626496583102015;1.0
716;258.0;357.19;257;0.027488364100186506;1.0
717;500.0;357.19;499;0.027350922279685573;1.0
718;500.0;357.19;499;0.027214167668287145;1.0
719;500.0;357.19;499;0.02707809682994571;1.0
720;27.0;352.46;26;0.02694270634579598;1.0
721;177.0;349.23;176;0.026807992814067;1.0
722;500.0;349.23;499;0.026673952849996664;1.0
723;172.0;345.95;171;0.02654058308574668;1.0
724;134.0;342.29;133;0.026407880170317945;1.0
725;130.0;338.59;129;0.026275840769466357;1.0
726;184.0;338.06;183;0.026144461565619025;1.0
727;193.0;337.97;192;0.02601373925779093;1.0
728;500.0;341.09;499;0.025883670561501974;1.0
729;500.0;341.09;499;0.025754252208694463;1.0
730;500.0;341.09;499;0.02562548094765099;1.0
731;500.0;342.43;499;0.025497353542912736;1.0
732;500.0;346.68;499;0.02536986677519817;1.0
733;500.0;346.68;499;0.02524301744132218;1.0
734;289.0;344.57;288;0.025116802354115567;1.0
735;62.0;340.19;61;0.024991218342344988;1.0
736;409.0;343.27;408;0.024866262250633264;1.0
737;500.0;343.27;499;0.024741930939380097;1.0
738;500.0;343.27;499;0.024618221284683196;1.0
739;131.0;339.58;130;0.02449513017825978;1.0
740;142.0;336.0;141;0.02437265452736848;1.0
741;102.0;335.24;101;0.024250791254731636;1.0
742;500.0;338.96;499;0.024129537298457977;1.0
743;247.0;339.94;246;0.024008889611965685;1.0
744;500.0;340.31;499;0.023888845163905856;1.0
745;172.0;337.03;171;0.023769400938086327;1.0
746;383.0;337.26;382;0.023650553933395897;1.0
747;267.0;338.63;266;0.023532301163728918;1.0
748;500.0;341.95;499;0.023414639657910272;1.0
749;180.0;342.6;179;0.023297566459620722;1.0
750;392.0;344.49;391;0.023181078627322618;1.0
751;181.0;345.79;180;0.023065173234186005;1.0
752;500.0;345.79;499;0.022949847368015076;1.0
753;239.0;347.35;238;0.022835098131175;1.0
754;356.0;349.19;355;0.022720922640519125;1.0
755;500.0;354.03;499;0.02260731802731653;1.0
756;159.0;355.2;158;0.022494281437179946;1.0
757;500.0;355.92;499;0.022381810029994047;1.0
758;252.0;357.2;251;0.022269900979844076;1.0
759;374.0;359.76;373;0.022158551474944856;1.0
760;333.0;361.83;332;0.022047758717570132;1.0
761;51.0;360.69;50;0.021937519923982282;1.0
762;500.0;364.38;499;0.021827832324362372;1.0
763;500.0;368.68;499;0.02171869316274056;1.0
764;49.0;364.17;48;0.021610099696926857;1.0
765;500.0;367.89;499;0.021502049198442223;1.0
766;500.0;371.69;499;0.021394538952450012;1.0
767;500.0;375.15;499;0.02128756625768776;1.0
768;216.0;375.83;215;0.021181128426399323;1.0
769;500.0;379.11;499;0.021075222784267326;1.0
770;500.0;380.89;499;0.020969846670345987;1.0
771;500.0;384.48;499;0.020864997436994256;1.0
772;48.0;379.96;47;0.020760672449809284;1.0
773;424.0;379.76;423;0.020656869087560238;1.0
774;297.0;377.73;296;0.020553584742122436;1.0
775;500.0;377.73;499;0.020450816818411825;1.0
776;500.0;377.73;499;0.020348562734319765;1.0
777;500.0;381.11;499;0.020246819920648168;1.0
778;500.0;381.54;499;0.020145585821044927;1.0
779;500.0;381.54;499;0.020044857891939702;1.0
780;500.0;381.54;499;0.019944633602480003;1.0
781;500.0;382.94;499;0.019844910434467605;1.0
782;500.0;382.94;499;0.019745685882295267;1.0
783;500.0;384.72;499;0.01964695745288379;1.0
784;500.0;385.95;499;0.01954872266561937;1.0
785;500.0;385.95;499;0.019450979052291272;1.0
786;498.0;385.93;497;0.019353724157029815;1.0
787;500.0;385.93;499;0.019256955536244666;1.0
788;411.0;385.04;410;0.019160670758563442;1.0
789;500.0;385.04;499;0.019064867404770626;1.0
790;435.0;384.39;434;0.018969543067746772;1.0
791;500.0;384.39;499;0.018874695352408037;1.0
792;500.0;384.39;499;0.018780321875645996;1.0
793;500.0;384.39;499;0.018686420266267767;1.0
794;500.0;387.2;499;0.018592988164936427;1.0
795;326.0;385.46;325;0.018500023224111744;1.0
796;500.0;385.46;499;0.018407523107991184;1.0
797;223.0;385.38;222;0.01831548549245123;1.0
798;217.0;382.55;216;0.018223908064988973;1.0
799;500.0;382.55;499;0.018132788524664028;1.0
800;443.0;381.98;442;0.018042124582040707;1.0
